ID,GDSC_ID,CCLE_ID,EGAN,EGAF,SRR
105KC,#N/A,#N/A,#N/A,#N/A,#N/A
1321N1,#N/A,#N/A,#N/A,#N/A,#N/A
143B,143b,#N/A,EGAN00001236645,EGAF00000773580,#N/A
201T,201T,#N/A,EGAN00001236652,EGAF00000765137,#N/A
22Rv1,#N/A,22Rv1,#N/A,#N/A,SRR8616169
23132-87,#N/A,23132/87,#N/A,#N/A,SRR8616168
42-MG-BA,#N/A,42-MG-BA,#N/A,#N/A,SRR8616173
451Lu,451Lu,#N/A,EGAN00001252803,EGAF00000800429,#N/A
501A,#N/A,#N/A,#N/A,#N/A,#N/A
537-MEL,#N/A,#N/A,#N/A,#N/A,#N/A
5637,#N/A,5637,#N/A,#N/A,SRR8616172
59M,#N/A,59M,#N/A,#N/A,SRR8616171
624-mel,#N/A,#N/A,#N/A,#N/A,#N/A
639-V,#N/A,639-V,#N/A,#N/A,SRR8616170
647-V,#N/A,647-V,#N/A,#N/A,SRR8616165
697,#N/A,697,#N/A,#N/A,SRR8616164
769-P,#N/A,769-P,#N/A,#N/A,SRR8615643
786-0,#N/A,786-O,#N/A,#N/A,SRR8615642
8-MG-BA,#N/A,8-MG-BA,#N/A,#N/A,SRR8615647
8305C,#N/A,8305C,#N/A,#N/A,SRR8615645
8505C,#N/A,8505C,#N/A,#N/A,SRR8615644
888,#N/A,#N/A,#N/A,#N/A,#N/A
928-MEL,#N/A,#N/A,#N/A,#N/A,#N/A
A-204,#N/A,A-204,#N/A,#N/A,SRR8615638
A-253,#N/A,A-253,#N/A,#N/A,SRR8616018
A-375,#N/A,A-375,#N/A,#N/A,SRR8616020
A-427,A427,A427,EGAN00001236653,EGAF00000765138,SRR8616014
A-431,A431,#N/A,EGAN00001252805,EGAF00000800431,#N/A
A-498,#N/A,A-498,#N/A,#N/A,SRR8616015
A-673,#N/A,A-673,#N/A,#N/A,SRR8616012
A-704,#N/A,A-704,#N/A,#N/A,SRR8616013
A101D,#N/A,A101D,#N/A,#N/A,SRR8615646
A172,#N/A,A172,#N/A,#N/A,SRR8615648
A2058,#N/A,A2058,#N/A,#N/A,SRR8615637
A2780,#N/A,A2780,#N/A,#N/A,SRR8616019
A2780ADR,#N/A,#N/A,#N/A,#N/A,#N/A
A3-KAW,#N/A,A3/KAW,#N/A,#N/A,SRR8616021
A388,A388,#N/A,EGAN00001252804,EGAF00000800430,#N/A
A4-Fuk,#N/A,A4/Fuk,#N/A,#N/A,SRR8616016
A549,#N/A,A549,#N/A,#N/A,SRR8616017
ABC-1,#N/A,ABC-1,#N/A,#N/A,SRR8615407
ACC-MESO-1,#N/A,ACC-MESO-1,#N/A,#N/A,SRR8615406
ACHN,#N/A,ACHN,#N/A,#N/A,SRR8615405
ACN,ACN,#N/A,EGAN00001266282,EGAF00000867565,#N/A
AGS,#N/A,AGS,#N/A,#N/A,SRR8615404
Alexander-cells,#N/A,#N/A,#N/A,#N/A,#N/A
ALL-PO,ALL-PO,#N/A,EGAN00001266058,EGAF00000836387,#N/A
ALL-SIL,#N/A,ALL-SIL,#N/A,#N/A,SRR8615411
AM-38,#N/A,AM-38,#N/A,#N/A,SRR8615410
AML-193,#N/A,AML-193,#N/A,#N/A,SRR8615409
AMO-1,#N/A,AMO-1,#N/A,#N/A,SRR8615408
AN3-CA,#N/A,AN3 CA,#N/A,#N/A,SRR8615413
ARH-77,ARH-77,#N/A,EGAN00001253244,EGAF00000881542,#N/A
ASH-3,ASH-3,#N/A,EGAN00001252851,EGAF00000824148,#N/A
AsPC-1,#N/A,AsPC-1,#N/A,#N/A,SRR8615412
ATN-1,ATN-1,#N/A,EGAN00001266059,EGAF00000836388,#N/A
ATRFLOX,#N/A,#N/A,#N/A,#N/A,#N/A
AU565,#N/A,AU565,#N/A,#N/A,SRR8615774
AZ-521,#N/A,#N/A,#N/A,#N/A,#N/A
B-CPAP,#N/A,B-CPAP,#N/A,#N/A,SRR8615773
BALL-1,BALL-1,#N/A,EGAN00001266060,EGAF00000836389,#N/A
BB30-HNC,BB30-HNC,#N/A,EGAN00001266061,EGAF00000836390,#N/A
BB49-HNC,BB49-HNC,#N/A,EGAN00001266062,EGAF00000851878,#N/A
BB65-RCC,BB65-RCC,#N/A,EGAN00001252852,EGAF00000824149,#N/A
BC-1,BC-1,#N/A,EGAN00001266063,EGAF00000851879,#N/A
BC-3,BC-3,#N/A,EGAN00001266064,EGAF00000851880,#N/A
BC-3C,#N/A,BC-3C,#N/A,#N/A,SRR8615775
BCP-1,#N/A,BCP-1,#N/A,#N/A,SRR8615772
BDCM,#N/A,BDCM,#N/A,#N/A,SRR8615770
BE-13,BE-13,#N/A,EGAN00001266065,EGAF00000851881,#N/A
BE2-M17,BE2-M17,#N/A,EGAN00001266066,EGAF00000851882,#N/A
Becker,Becker,#N/A,EGAN00001266067,EGAF00000851883,#N/A
BEN,#N/A,BEN,#N/A,#N/A,SRR8615771
BFTC-905,#N/A,BFTC-905,#N/A,#N/A,SRR8615768
BFTC-909,#N/A,BFTC-909,#N/A,#N/A,SRR8615769
BHT-101,#N/A,BHT-101,#N/A,#N/A,SRR8615776
BHY,#N/A,BHY,#N/A,#N/A,SRR8615777
BICR-10,BICR10,#N/A,EGAN00001266068,EGAF00000851884,#N/A
BICR-18,#N/A,BICR 18,#N/A,#N/A,SRR8616120
BICR-22,#N/A,BICR 22,#N/A,#N/A,SRR8616123
BICR-31,#N/A,BICR 31,#N/A,#N/A,SRR8616122
BICR-56,#N/A,BICR 56,#N/A,#N/A,SRR8616117
BICR-6,#N/A,BICR 6,#N/A,#N/A,SRR8616116
BICR-78,BICR78,#N/A,EGAN00001266069,EGAF00000851885,#N/A
BJ-hTERT,#N/A,#N/A,#N/A,#N/A,#N/A
BJAB,#N/A,#N/A,#N/A,#N/A,#N/A
BL-41,#N/A,BL-41,#N/A,#N/A,SRR8616119
BL-70,#N/A,BL-70,#N/A,#N/A,SRR8616118
BONNA-12,BONNA-12,#N/A,EGAN00001266070,EGAF00000851886,#N/A
BPH-1,BPH-1,#N/A,EGAN00001266071,EGAF00000851887,#N/A
BT-20,#N/A,BT-20,#N/A,#N/A,SRR8616124
BT-474,#N/A,BT-474,#N/A,#N/A,SRR8616195
BT-483,#N/A,BT-483,#N/A,#N/A,SRR8616196
BT-549,#N/A,BT-549,#N/A,#N/A,SRR8616197
BV-173,BV-173,BV-173,EGAN00001209144,EGAF00000661929,SRR8616198
BxPC-3,#N/A,BxPC-3,#N/A,#N/A,SRR8616199
C-33-A,C-33-A,#N/A,EGAN00001266072,EGAF00000851888,#N/A
C-4-I,C-4-I,#N/A,EGAN00001266074,EGAF00000851890,#N/A
C170,#N/A,#N/A,#N/A,#N/A,#N/A
C2BBe1,C2BBe1,C2BBe1,EGAN00001202147,EGAF00000684741,SRR8616200
C32,#N/A,C32,#N/A,#N/A,SRR8616201
C32TG,#N/A,#N/A,#N/A,#N/A,#N/A
C3A,C3A,#N/A,EGAN00001266073,EGAF00000851889,#N/A
Ca-Ski,Ca-Ski,#N/A,EGAN00001266077,EGAF00000851893,#N/A
CA46,#N/A,CA46,#N/A,#N/A,SRR8616193
Ca9-22,Ca9-22,#N/A,EGAN00001266075,EGAF00000851891,#N/A
CACO2,#N/A,CACO2;CACO2;CaCo-2,#N/A,#N/A,SRR8616194
CADO-ES1,#N/A,CADO-ES1,#N/A,#N/A,SRR8615273
Caki-1,#N/A,Caki-1,#N/A,#N/A,SRR8615272
Caki-2,#N/A,Caki-2,#N/A,#N/A,SRR8615271
CAL-27,#N/A,CAL 27,#N/A,#N/A,SRR8615267
CAL-54,#N/A,CAL-54,#N/A,#N/A,SRR8615315
CAL-120,#N/A,CAL-120,#N/A,#N/A,SRR8615270
CAL-12T,#N/A,CAL-12T,#N/A,#N/A,SRR8615269
CAL-148,#N/A,CAL-148,#N/A,#N/A,SRR8615268
CAL-29,#N/A,CAL-29,#N/A,#N/A,SRR8615266
CAL-33,#N/A,CAL-33,#N/A,#N/A,SRR8615265
CAL-51,#N/A,CAL-51,#N/A,#N/A,SRR8615264
CAL-62,#N/A,CAL-62,#N/A,#N/A,SRR8615569
CAL-72,CAL-72,#N/A,EGAN00001236654,EGAF00000765139,#N/A
CAL-78,CAL-78,CAL-78,EGAN00001280531,EGAF00000896432,SRR8615527
CAL-85-1,#N/A,CAL-85-1,#N/A,#N/A,SRR8615528
Calu-1,#N/A,Calu-1,#N/A,#N/A,SRR8615533
Calu-3,#N/A,Calu-3,#N/A,#N/A,SRR8615534
Calu-6,#N/A,Calu-6,#N/A,#N/A,SRR8615531
CAMA-1,#N/A,CAMA-1,#N/A,#N/A,SRR8615532
Caov-3,#N/A,Caov-3,#N/A,#N/A,SRR8615507
Caov-4,#N/A,Caov-4,#N/A,#N/A,SRR8615508
Capan-1,#N/A,Capan-1,#N/A,#N/A,SRR8615247
Capan-2,#N/A,Capan-2,#N/A,#N/A,SRR8615246
CaR-1,CaR-1,#N/A,EGAN00001202148,EGAF00000684899,#N/A
CAS-1,#N/A,CAS-1,#N/A,#N/A,SRR8615249
CCF-STTG1,#N/A,CCF-STTG1,#N/A,#N/A,SRR8615248
CCK-81,CCK-81,CCK-81,EGAN00001202149,EGAF00000684900,SRR8615251
CCRF-CEM,CCRF-CEM,#N/A,EGAN00001266078,EGAF00000851894,#N/A
CESS,CESS,#N/A,EGAN00001266079,EGAF00000851895,#N/A
CFPAC,#N/A,CFPAC-1,#N/A,#N/A,SRR8615250
CGTH-W-1,CGTH-W-1,#N/A,EGAN00001252853,EGAF00000824150,#N/A
ChaGo-K-1,#N/A,ChaGo-K-1,#N/A,#N/A,SRR8616079
CHL-1,CHL-1,#N/A,EGAN00001252806,EGAF00000800432,#N/A
CHP-126,#N/A,CHP-126,#N/A,#N/A,SRR8615526
CHP-134,CHP-134,#N/A,EGAN00001266080,EGAF00000851896,#N/A
CHP-212,#N/A,CHP-212,#N/A,#N/A,SRR8616083
CHSA0011,CHSA0011,#N/A,EGAN00001252807,EGAF00000800433,#N/A
CHSA0108,CHSA0108,#N/A,EGAN00001252808,EGAF00000800434,#N/A
CHSA8926,CHSA8926,#N/A,EGAN00001252809,EGAF00000800435,#N/A
Ci-1,#N/A,CI-1,#N/A,#N/A,SRR8616137
CJM,#N/A,CJM,#N/A,#N/A,SRR8616138
CL-11,#N/A,CL-11,#N/A,#N/A,SRR8616139
CL-34,#N/A,CL-34,#N/A,#N/A,SRR8616141
CL-40,CL-40,CL-40,EGAN00001236655,EGAF00000765140,SRR8616142
CMK,#N/A,CMK,#N/A,#N/A,SRR8616143
CMK-11-5,#N/A,#N/A,#N/A,#N/A,#N/A
CMK-86,#N/A,#N/A,#N/A,#N/A,#N/A
CML-T1,CML-T1,CML-T1,EGAN00001209145,EGAF00000661930,SRR8616144
CoCM-1,#N/A,#N/A,#N/A,#N/A,#N/A
COLO-201,#N/A,COLO 201,#N/A,#N/A,SRR8616145
COLO-205,COLO-205,#N/A,EGAN00001202150,EGAF00000660849,#N/A
COLO-206F,#N/A,#N/A,#N/A,#N/A,#N/A
COLO-320DM,#N/A,#N/A,#N/A,#N/A,#N/A
COLO-668,#N/A,COLO 668,#N/A,#N/A,SRR8615793
COLO-680N,#N/A,COLO-680N,#N/A,#N/A,SRR8615991
COLO-684,#N/A,COLO 684,#N/A,#N/A,SRR8615789
COLO-699,#N/A,#N/A,#N/A,#N/A,#N/A
COLO-741,COLO-741,COLO 741,EGAN00001266283,EGAF00000867566,SRR8615788
COLO-775,#N/A,#N/A,#N/A,#N/A,#N/A
COLO-792,#N/A,COLO 792,#N/A,#N/A,SRR8615786
COLO-794,#N/A,#N/A,#N/A,#N/A,#N/A
COLO-829,#N/A,COLO 829,#N/A,#N/A,SRR8615617
COLO-853,#N/A,#N/A,#N/A,#N/A,#N/A
COLO-857,#N/A,#N/A,#N/A,#N/A,#N/A
COLO-320,COLO-320-HSR,COLO-320,EGAN00001236656,EGAF00000765141,SRR8616146
COLO-678,#N/A,COLO-678,#N/A,#N/A,SRR8615792
COLO-679,#N/A,COLO-679,#N/A,#N/A,SRR8615639
COLO-704,#N/A,#N/A,#N/A,#N/A,#N/A
COLO-783,#N/A,COLO-783,#N/A,#N/A,SRR8615787
COLO-800,#N/A,COLO-800,#N/A,#N/A,SRR8615618
COLO-818,#N/A,#N/A,#N/A,#N/A,#N/A
COLO-824,COLO-824,#N/A,EGAN00001252810,EGAF00000800436,#N/A
COLO-849,#N/A,#N/A,#N/A,#N/A,#N/A
COR-L105,#N/A,COR-L105,#N/A,#N/A,SRR8615963
COR-L23,#N/A,COR-L23,#N/A,#N/A,SRR8615425
COR-L24,#N/A,COR-L24,#N/A,#N/A,SRR8615422
COR-L26,#N/A,#N/A,#N/A,#N/A,#N/A
COR-L279,#N/A,COR-L279,#N/A,#N/A,SRR8615423
COR-L303,COR-L303,#N/A,EGAN00001236657,EGAF00000765142,#N/A
COR-L311,#N/A,COR-L311,#N/A,#N/A,SRR8615428
COR-L32,COR-L32,#N/A,EGAN00001236658,EGAF00000765143,#N/A
COR-L321,COR-L321,#N/A,EGAN00001236659,EGAF00000765144,#N/A
COR-L47,#N/A,COR-L47,#N/A,#N/A,SRR8615429
COR-L51,#N/A,#N/A,#N/A,#N/A,#N/A
COR-L88,#N/A,COR-L88,#N/A,#N/A,SRR8615426
COR-L95,#N/A,COR-L95,#N/A,#N/A,SRR8615427
COV318,#N/A,COV318,#N/A,#N/A,SRR8615948
COV362,#N/A,COV362,#N/A,#N/A,SRR8615949
COV413A,#N/A,#N/A,#N/A,#N/A,#N/A
COV413B,#N/A,#N/A,#N/A,#N/A,#N/A
COV434,#N/A,COV434,#N/A,#N/A,SRR8615956
COV504,#N/A,#N/A,#N/A,#N/A,#N/A
COV644,#N/A,COV644,#N/A,#N/A,SRR8615955
CP67-MEL,CP67-MEL,#N/A,EGAN00001252813,EGAF00000827824,#N/A
CPC-N,CPC-N,#N/A,EGAN00001236660,EGAF00000765619,#N/A
CRO-AP2,CRO-AP2,#N/A,EGAN00001266081,EGAF00000851897,#N/A
CRO-AP3,CRO-AP3,#N/A,EGAN00001266082,EGAF00000851898,#N/A
CS1,CS1,#N/A,EGAN00001252814,EGAF00000827825,#N/A
CTB-1,CTB-1,#N/A,EGAN00001266083,EGAF00000859685,#N/A
CTV-1,CTV-1,#N/A,EGAN00001266084,EGAF00000859686,#N/A
CW-2,#N/A,CW-2,#N/A,#N/A,SRR8615958
CX-1,#N/A,#N/A,#N/A,#N/A,#N/A
D-245MG,#N/A,#N/A,#N/A,#N/A,#N/A
D-247MG,D-247MG,#N/A,EGAN00001266085,EGAF00000859687,#N/A
D-263MG,D-263MG,#N/A,EGAN00001266086,EGAF00000859688,#N/A
D-283MED,#N/A,D283 Med,#N/A,#N/A,SRR8615957
D-336MG,D-336MG,#N/A,EGAN00001266087,EGAF00000859689,#N/A
D-392MG,D-392MG,#N/A,EGAN00001266088,EGAF00000859690,#N/A
D-423MG,D-423MG,#N/A,EGAN00001266089,EGAF00000859691,#N/A
D-502MG,D-502MG,#N/A,EGAN00001266090,EGAF00000851899,#N/A
D-542MG,D-542MG,#N/A,EGAN00001266091,EGAF00000859692,#N/A
D-566MG,D-566MG,#N/A,EGAN00001266092,EGAF00000859693,#N/A
D341-Med,#N/A,#N/A,#N/A,#N/A,#N/A
DAN-G,#N/A,DAN-G,#N/A,#N/A,SRR8615959
Daoy,#N/A,Daoy,#N/A,#N/A,SRR8615962
Daudi,#N/A,Daudi,#N/A,#N/A,SRR8615961
DB,#N/A,DB,#N/A,#N/A,SRR8615952
DBTRG-05MG,#N/A,DBTRG-05MG,#N/A,#N/A,SRR8615953
DEL,#N/A,DEL,#N/A,#N/A,SRR8616006
Detroit-562,#N/A,Detroit 562,#N/A,#N/A,SRR8616007
DG-75,DG-75,#N/A,EGAN00001266093,EGAF00000859694,#N/A
DIFI,DIFI,#N/A,EGAN00001202151,EGAF00000684901,#N/A
DJM-1,DJM-1,#N/A,EGAN00001252815,EGAF00000827826,#N/A
DK-MG,#N/A,DK-MG,#N/A,#N/A,SRR8616008
DLD-1,#N/A,#N/A,#N/A,#N/A,#N/A
DM-3,#N/A,DM-3,#N/A,#N/A,SRR8616009
DMS-114,#N/A,DMS 114,#N/A,#N/A,SRR8616002
DMS-153,#N/A,DMS 153,#N/A,#N/A,SRR8616003
DMS-273,#N/A,DMS 273,#N/A,#N/A,SRR8616004
DMS-454,#N/A,DMS 454,#N/A,#N/A,SRR8616005
DMS-53,#N/A,DMS 53,#N/A,#N/A,SRR8615998
DMS-79,#N/A,DMS 79,#N/A,#N/A,SRR8615893
DND-41,DND-41,DND-41,EGAN00001280532,EGAF00000896433,SRR8615632
DOHH-2,#N/A,DOHH-2,#N/A,#N/A,SRR8615631
DOK,DOK,#N/A,EGAN00001266094,EGAF00000859695,#N/A
Dor13,#N/A,#N/A,#N/A,#N/A,#N/A
DoTc2-4510,DoTc2-4510,#N/A,EGAN00001266095,EGAF00000859696,#N/A
DOV13,DOV13,#N/A,EGAN00001266096,EGAF00000859697,#N/A
DSH1,DSH1,#N/A,EGAN00001266097,EGAF00000859698,#N/A
DU-145,DU-145,DU 145,EGAN00001280533,EGAF00000896434,SRR8615300
DU-4475,#N/A,DU4475,#N/A,#N/A,SRR8615297
DV-90,#N/A,DV-90,#N/A,#N/A,SRR8615636
EB-3,EB-3,#N/A,EGAN00001266099,EGAF00000859700,#N/A
EB1,#N/A,EB1,#N/A,#N/A,SRR8615635
EB2,EB2,#N/A,EGAN00001266098,EGAF00000859699,#N/A
EBC-1,#N/A,EBC-1,#N/A,#N/A,SRR8615634
EC-GI-10,#N/A,EC-GI-10,#N/A,#N/A,SRR8615274
ECC10,#N/A,ECC10,#N/A,#N/A,SRR8615633
ECC12,#N/A,ECC12,#N/A,#N/A,SRR8615624
EF027,#N/A,EFO-27,#N/A,#N/A,SRR8615287
EFE-184,#N/A,EFE-184,#N/A,#N/A,SRR8615291
EFM-19,#N/A,EFM-19,#N/A,#N/A,SRR8615289
EFM-192A,#N/A,EFM-192A,#N/A,#N/A,SRR8615292
EFM-192B,#N/A,#N/A,#N/A,#N/A,#N/A
EFM-192C,#N/A,#N/A,#N/A,#N/A,#N/A
EFO-21,#N/A,EFO-21,#N/A,#N/A,SRR8615290
EGI-1,EGI-1,#N/A,EGAN00001266100,EGAF00000859701,#N/A
EHEB,#N/A,EHEB,#N/A,#N/A,SRR8615288
EJM,#N/A,EJM,#N/A,#N/A,SRR8615285
EKVX,#N/A,EKVX,#N/A,#N/A,SRR8615286
EM-2,EM-2,EM-2,EGAN00001209146,EGAF00000661931,SRR8615293
EMC-BAC-1,EMC-BAC-1,#N/A,EGAN00001236661,EGAF00000765620,#N/A
EMC-BAC-2,EMC-BAC-2,#N/A,EGAN00001236662,EGAF00000765621,#N/A
EN,#N/A,EN,#N/A,#N/A,SRR8615294
EOL-1,EoL-1-cell,EOL-1,EGAN00001266101,EGAF00000859702,SRR8616218
EPLC-272H,#N/A,EPLC-272H,#N/A,#N/A,SRR8616217
ES-2,#N/A,ES-2,#N/A,#N/A,SRR8616220
ES1,ES1,#N/A,EGAN00001252816,EGAF00000827827,#N/A
ES3,ES3,#N/A,EGAN00001252817,EGAF00000814216,#N/A
ES4,ES4,#N/A,EGAN00001252818,EGAF00000814217,#N/A
ES5,ES5,#N/A,EGAN00001252819,EGAF00000824170,#N/A
ES7,ES7,#N/A,EGAN00001252821,EGAF00000824172,#N/A
ES8,ES8,#N/A,EGAN00001252822,EGAF00000824173,#N/A
ESO26,ESO26,#N/A,EGAN00001266102,EGAF00000859703,#N/A
ESO51,ESO51,#N/A,EGAN00001266103,EGAF00000859704,#N/A
ESS-1,#N/A,ESS-1,#N/A,#N/A,SRR8616219
ETK-1,ETK-1,#N/A,EGAN00001266104,EGAF00000859705,#N/A
EVSA-T,EVSA-T,#N/A,EGAN00001252823,EGAF00000824174,#N/A
EW-1,EW-1,#N/A,EGAN00001252824,EGAF00000824175,#N/A
EW-11,EW-11,#N/A,EGAN00001252825,EGAF00000824176,#N/A
EW-12,EW-12,#N/A,EGAN00001252826,EGAF00000827828,#N/A
EW-13,EW-13,#N/A,EGAN00001252827,EGAF00000824133,#N/A
EW-16,EW-16,#N/A,EGAN00001252828,EGAF00000824134,#N/A
EW-18,EW-18,#N/A,EGAN00001252829,EGAF00000824135,#N/A
EW-22,EW-22,#N/A,EGAN00001252830,EGAF00000824136,#N/A
EW-24,EW-24,#N/A,EGAN00001252831,EGAF00000824137,#N/A
EW-3,EW-3,#N/A,EGAN00001252832,EGAF00000827829,#N/A
EW-7,EW-7,#N/A,EGAN00001252833,EGAF00000824138,#N/A
EWS502,#N/A,EWS502,#N/A,#N/A,SRR8616213
F-36P,#N/A,F-36P,#N/A,#N/A,SRR8616216
F5,#N/A,#N/A,#N/A,#N/A,#N/A
FaDu,#N/A,FaDu,#N/A,#N/A,SRR8616215
Farage,Farage,#N/A,EGAN00001266105,EGAF00000859706,#N/A
FLO-1,FLO-1,#N/A,EGAN00001266106,EGAF00000859707,#N/A
FTC-133,#N/A,FTC-133,#N/A,#N/A,SRR8615869
FTC-238,#N/A,FTC-238,#N/A,#N/A,SRR8615868
Fu-Ov-1,#N/A,FU-OV-1,#N/A,#N/A,SRR8615736
FU97,#N/A,FU97,#N/A,#N/A,SRR8615735
G-292_Clone_A141B1,#N/A,"G-292\, clone A141B1",#N/A,#N/A,SRR8615737
G-361,#N/A,G-361,#N/A,#N/A,SRR8615738
G-401,#N/A,G-401,#N/A,#N/A,SRR8615739
G-402,#N/A,G-402,#N/A,#N/A,SRR8615740
G-MEL,G-MEL,#N/A,EGAN00001252835,EGAF00000824140,#N/A
G111,#N/A,#N/A,#N/A,#N/A,#N/A
G112,#N/A,#N/A,#N/A,#N/A,#N/A
G118,#N/A,#N/A,#N/A,#N/A,#N/A
G120,#N/A,#N/A,#N/A,#N/A,#N/A
G121,#N/A,#N/A,#N/A,#N/A,#N/A
G122,#N/A,#N/A,#N/A,#N/A,#N/A
G124,#N/A,#N/A,#N/A,#N/A,#N/A
G130,#N/A,#N/A,#N/A,#N/A,#N/A
G140,#N/A,#N/A,#N/A,#N/A,#N/A
G141,#N/A,#N/A,#N/A,#N/A,#N/A
G142,#N/A,#N/A,#N/A,#N/A,#N/A
G22,#N/A,#N/A,#N/A,#N/A,#N/A
G28T,#N/A,#N/A,#N/A,#N/A,#N/A
G44,#N/A,#N/A,#N/A,#N/A,#N/A
G59,#N/A,#N/A,#N/A,#N/A,#N/A
G61,#N/A,#N/A,#N/A,#N/A,#N/A
G84,#N/A,#N/A,#N/A,#N/A,#N/A
G96,#N/A,#N/A,#N/A,#N/A,#N/A
GA-10,#N/A,GA-10,#N/A,#N/A,SRR8615741
GAK,GAK,#N/A,EGAN00001252834,EGAF00000824139,#N/A
GAMG,#N/A,GAMG,#N/A,#N/A,SRR8615742
GCIY,GCIY,GCIY,EGAN00001280534,EGAF00000896435,SRR8615733
GCT,#N/A,GCT,#N/A,#N/A,SRR8615386
GDM-1,#N/A,GDM-1,#N/A,#N/A,SRR8615385
Geo,GEO,#N/A,EGAN00001266107,EGAF00000859708,#N/A
GI-1,#N/A,GI-1,#N/A,#N/A,SRR8615384
GI-ME-N,GI-ME-N,#N/A,EGAN00001266108,EGAF00000859709,#N/A
GMS-10,#N/A,GMS-10,#N/A,#N/A,SRR8615383
GOS-3,#N/A,GOS-3,#N/A,#N/A,SRR8615382
GOTO,GOTO,#N/A,EGAN00001266109,EGAF00000859710,#N/A
GP2d,#N/A,GP2d,#N/A,#N/A,SRR8615381
GP5d,GP5d,#N/A,EGAN00001202152,EGAF00000684902,#N/A
GR-M,#N/A,#N/A,#N/A,#N/A,#N/A
GR-ST,GR-ST,#N/A,EGAN00001266110,EGAF00000859711,#N/A
GRANTA-519,#N/A,GRANTA-519,#N/A,#N/A,SRR8615380
GSS,#N/A,GSS,#N/A,#N/A,SRR8615379
GSU,#N/A,GSU,#N/A,#N/A,SRR8615389
GT3TKB,GT3TKB,#N/A,EGAN00001266111,EGAF00000859712,#N/A
GTL-16,#N/A,#N/A,#N/A,#N/A,#N/A
H-EMC-SS,H-EMC-SS,#N/A,EGAN00001252836,EGAF00000824141,#N/A
H1355,#N/A,#N/A,#N/A,#N/A,#N/A
H1373,#N/A,#N/A,#N/A,#N/A,#N/A
H1573,#N/A,#N/A,#N/A,#N/A,#N/A
H1693,#N/A,#N/A,#N/A,#N/A,#N/A
H1770,#N/A,#N/A,#N/A,#N/A,#N/A
H1792,#N/A,#N/A,#N/A,#N/A,#N/A
H2196,#N/A,#N/A,#N/A,#N/A,#N/A
H2198,#N/A,#N/A,#N/A,#N/A,#N/A
H2369,H2369,#N/A,EGAN00001202153,EGAF00000660850,#N/A
H2373,H2373,#N/A,EGAN00001202154,EGAF00000660851,#N/A
H2591,H2591,#N/A,EGAN00001202156,EGAF00000660853,#N/A
H2595,H2595,#N/A,EGAN00001202157,EGAF00000660854,#N/A
H2722,H2722,#N/A,EGAN00001202158,EGAF00000660855,#N/A
H2731,H2731,#N/A,EGAN00001202159,EGAF00000660856,#N/A
H2795,H2795,#N/A,EGAN00001202160,EGAF00000660857,#N/A
H2803,H2803,#N/A,EGAN00001202161,EGAF00000660858,#N/A
H2804,H2804,#N/A,EGAN00001202162,EGAF00000660859,#N/A
H2810,H2810,#N/A,EGAN00001202163,EGAF00000660860,#N/A
H2818,H2818,#N/A,EGAN00001202164,EGAF00000660861,#N/A
H2869,H2869,#N/A,EGAN00001202165,EGAF00000660862,#N/A
H290,H290,#N/A,EGAN00001202166,EGAF00000660863,#N/A
H3118,H3118,#N/A,EGAN00001266112,EGAF00000859713,#N/A
H322T,#N/A,#N/A,#N/A,#N/A,#N/A
H3255,#N/A,#N/A,#N/A,#N/A,#N/A
H4,#N/A,H4,#N/A,#N/A,SRR8615388
H513,H513,#N/A,EGAN00001202167,EGAF00000660864,#N/A
H69AR,#N/A,#N/A,#N/A,#N/A,#N/A
H9,H9,#N/A,EGAN00001266113,EGAF00000859714,#N/A
HA7-RCC,HA7-RCC,#N/A,EGAN00001252854,EGAF00000824151,#N/A
HAL-01,HAL,#N/A,EGAN00001236648,EGAF00000773583,#N/A
HARA,#N/A,HARA,#N/A,#N/A,SRR8615820
HBL-100,#N/A,#N/A,#N/A,#N/A,#N/A
HC-1,HC-1,#N/A,EGAN00001266115,EGAF00000859716,#N/A
HCA-7,#N/A,#N/A,#N/A,#N/A,#N/A
HCC-1171,#N/A,HCC-1171,#N/A,#N/A,SRR8615818
HCC-1195,#N/A,HCC-1195,#N/A,#N/A,SRR8615824
HCC-15,#N/A,HCC-15,#N/A,#N/A,SRR8616176
HCC-1897,#N/A,#N/A,#N/A,#N/A,#N/A
HCC-2279,#N/A,HCC-2279,#N/A,#N/A,SRR8616000
HCC-33,#N/A,HCC-33,#N/A,#N/A,SRR8615900
HCC-366,#N/A,HCC-366,#N/A,#N/A,SRR8615457
HCC-44,#N/A,HCC-44,#N/A,#N/A,SRR8615456
HCC-56,#N/A,HCC-56,#N/A,#N/A,SRR8615451
HCC-78,#N/A,HCC-78,#N/A,#N/A,SRR8615460
HCC-827,#N/A,HCC827,#N/A,#N/A,SRR8615284
HCC-95,#N/A,HCC-95,#N/A,#N/A,SRR8615283
HCC1011,#N/A,#N/A,#N/A,#N/A,#N/A
HCC1143,#N/A,HCC1143,#N/A,#N/A,SRR8615819
HCC1162,#N/A,#N/A,#N/A,#N/A,#N/A
HCC1187,HCC1187,HCC1187,EGAN00001209141,EGAF00000661926,SRR8615817
HCC12,#N/A,#N/A,#N/A,#N/A,#N/A
HCC1263,#N/A,#N/A,#N/A,#N/A,#N/A
HCC1319,#N/A,#N/A,#N/A,#N/A,#N/A
HCC1359,#N/A,HCC-1359,#N/A,#N/A,SRR8615823
HCC1395,#N/A,HCC1395,#N/A,#N/A,SRR8615822
HCC1419,#N/A,HCC1419,#N/A,#N/A,SRR8615821
HCC1428,#N/A,HCC1428,#N/A,#N/A,SRR8615816
HCC1482,#N/A,#N/A,#N/A,#N/A,#N/A
HCC1493,#N/A,#N/A,#N/A,#N/A,#N/A
HCC1500,#N/A,HCC1500,#N/A,#N/A,SRR8616180
HCC1534,#N/A,#N/A,#N/A,#N/A,#N/A
HCC1569,#N/A,HCC1569,#N/A,#N/A,SRR8616181
HCC1576,#N/A,#N/A,#N/A,#N/A,#N/A
HCC1599,#N/A,HCC1599,#N/A,#N/A,SRR8616183
HCC1806,HCC1806,HCC1806,EGAN00001209142,EGAF00000661927,SRR8616177
HCC193,#N/A,#N/A,#N/A,#N/A,#N/A
HCC1937,#N/A,HCC1937,#N/A,#N/A,SRR8616179
HCC1954,#N/A,HCC1954,#N/A,#N/A,SRR8616174
HCC202,#N/A,HCC202,#N/A,#N/A,SRR8616175
HCC2157,#N/A,HCC2157,#N/A,#N/A,SRR8615891
HCC2218,#N/A,HCC2218,#N/A,#N/A,SRR8616001
HCC2270,#N/A,#N/A,#N/A,#N/A,#N/A
HCC2302,#N/A,#N/A,#N/A,#N/A,#N/A
HCC2688,#N/A,#N/A,#N/A,#N/A,#N/A
HCC2885,#N/A,#N/A,#N/A,#N/A,#N/A
HCC2911,#N/A,#N/A,#N/A,#N/A,#N/A
HCC2935,#N/A,HCC2935,#N/A,#N/A,SRR8615996
HCC2998,HCC2998,#N/A,EGAN00001202168,EGAF00000684903,#N/A
HCC364,#N/A,HCC364,#N/A,#N/A,SRR8615897
HCC38,#N/A,HCC38,#N/A,#N/A,SRR8615458
HCC4006,#N/A,HCC4006,#N/A,#N/A,SRR8615455
HCC4011,#N/A,#N/A,#N/A,#N/A,#N/A
HCC4017,#N/A,#N/A,#N/A,#N/A,#N/A
HCC4019,#N/A,#N/A,#N/A,#N/A,#N/A
HCC461,#N/A,HCC461,#N/A,#N/A,SRR8615453
HCC515,#N/A,HCC515,#N/A,#N/A,SRR8615454
HCC60,#N/A,#N/A,#N/A,#N/A,#N/A
HCC630,#N/A,#N/A,#N/A,#N/A,#N/A
HCC70,#N/A,HCC70,#N/A,#N/A,SRR8615452
HCC850,#N/A,#N/A,#N/A,#N/A,#N/A
HCC89,#N/A,#N/A,#N/A,#N/A,#N/A
HCE-4,HCE-4,#N/A,EGAN00001266116,EGAF00000859717,#N/A
HCT-116,HCT-116,HCT 116,EGAN00001202169,EGAF00000660865,SRR8615282
HCT-15,HCT-15,HCT-15,EGAN00001202170,EGAF00000684904,SRR8615281
HCT-8,#N/A,#N/A,#N/A,#N/A,#N/A
HD-MY-Z,#N/A,HD-MY-Z,#N/A,#N/A,SRR8615279
HDLM-2,HDLM-2,HDLM-2,EGAN00001266117,EGAF00000859718,SRR8615280
HDQ-P1,#N/A,HDQ-P1,#N/A,#N/A,SRR8615278
HEC-1,HEC-1,#N/A,EGAN00001266118,EGAF00000859719,#N/A
HEC-1-A,#N/A,HEC-1-A,#N/A,#N/A,SRR8615275
HEC-1-B,#N/A,HEC-1-B,#N/A,#N/A,SRR8615621
HEC-108,#N/A,HEC-108,#N/A,#N/A,SRR8615277
HEC-151,#N/A,HEC-151,#N/A,#N/A,SRR8615276
HEC-251,#N/A,HEC-251,#N/A,#N/A,SRR8615622
HEC-265,#N/A,HEC-265,#N/A,#N/A,SRR8615623
HEC-50B,#N/A,HEC-50B,#N/A,#N/A,SRR8615588
HEC-59,#N/A,HEC-59,#N/A,#N/A,SRR8615625
HEK-TE,#N/A,HEK TE,#N/A,#N/A,SRR8615627
HEL,#N/A,HEL,#N/A,#N/A,SRR8615630
HEL-92.1.7,#N/A,HEL 92.1.7,#N/A,#N/A,SRR8615628
HeLa,HeLa,HELA,EGAN00001266119,EGAF00000859720,SRR8615629
Hep-3B2.1-7,#N/A,Hep 3B2.1-7,#N/A,#N/A,SRR8616130
Hep-G2,#N/A,Hep G2,#N/A,#N/A,SRR8616129
Hep_3B2_1-7,#N/A,#N/A,#N/A,#N/A,#N/A
HEp-2,#N/A,#N/A,#N/A,#N/A,#N/A
Hey,Hey,#N/A,EGAN00001266120,EGAF00000859721,#N/A
Hey-A8,#N/A,Hey-A8,#N/A,#N/A,SRR8616132
HEY1,#N/A,#N/A,#N/A,#N/A,#N/A
HGC-27,#N/A,HGC-27,#N/A,#N/A,SRR8616131
HH,#N/A,HH,#N/A,#N/A,SRR8616134
HK-2,#N/A,#N/A,#N/A,#N/A,#N/A
HL-60,#N/A,HL-60,#N/A,#N/A,SRR8616133
HLC-1,#N/A,#N/A,#N/A,#N/A,#N/A
HLE,HLE,#N/A,EGAN00001266121,EGAF00000859722,#N/A
HLF,#N/A,HLF,#N/A,#N/A,SRR8616135
HLF-a,#N/A,HLF-a,#N/A,#N/A,SRR8616136
HM7,#N/A,#N/A,#N/A,#N/A,#N/A
HMC-1-8,#N/A,HMC-1-8,#N/A,#N/A,SRR8616127
HMCB,#N/A,HMCB,#N/A,#N/A,SRR8616126
HMEL,#N/A,HMEL,#N/A,#N/A,SRR8616207
HMV-II,HMV-II,#N/A,EGAN00001252837,EGAF00000824142,#N/A
HMY-1,#N/A,#N/A,#N/A,#N/A,#N/A
HN,HN,#N/A,EGAN00001266122,EGAF00000859723,#N/A
HNT-34,#N/A,HNT-34,#N/A,#N/A,SRR8616208
HO-1-N-1,HO-1-N-1,#N/A,EGAN00001266123,EGAF00000859724,#N/A
HO-1-u-1,HO-1-u-1,#N/A,EGAN00001266124,EGAF00000859725,#N/A
HOP-18,#N/A,#N/A,#N/A,#N/A,#N/A
HOP-62,#N/A,HOP-62,#N/A,#N/A,SRR8616205
HOP-92,#N/A,HOP-92,#N/A,#N/A,SRR8616206
HOS,HOSMNNG,HOS,EGAN00001236646,EGAF00000773581,SRR8616211
HPAC,#N/A,HPAC,#N/A,#N/A,SRR8616212
HPAF-II,#N/A,HPAF-II,#N/A,#N/A,SRR8616209
HPB-ALL,#N/A,HPB-ALL,#N/A,#N/A,SRR8616210
HRT-18,#N/A,#N/A,#N/A,#N/A,#N/A
Hs-172.T,#N/A,Hs 172.T,#N/A,#N/A,SRR8616203
Hs-229.T,#N/A,Hs 229.T,#N/A,#N/A,SRR8616204
Hs-255.T,#N/A,Hs 255.T,#N/A,#N/A,SRR8615417
Hs-274.T,#N/A,Hs 274.T,#N/A,#N/A,SRR8615416
Hs-281.T,#N/A,Hs 281.T,#N/A,#N/A,SRR8615415
Hs-294T,#N/A,Hs 294T,#N/A,#N/A,SRR8615414
Hs-343.T,#N/A,Hs 343.T,#N/A,#N/A,SRR8615421
Hs-38.T,#N/A,#N/A,#N/A,#N/A,#N/A
Hs-571.T,#N/A,#N/A,#N/A,#N/A,#N/A
Hs-578T,#N/A,Hs 578T,#N/A,#N/A,SRR8615420
Hs-600.T,#N/A,Hs 600.T,#N/A,#N/A,SRR8615419
Hs-604.T,#N/A,#N/A,#N/A,#N/A,#N/A
Hs-606.T,#N/A,Hs 606.T,#N/A,#N/A,SRR8615418
Hs-611.T,#N/A,Hs 611.T,#N/A,#N/A,SRR8615966
Hs-616.T,#N/A,Hs 616.T,#N/A,#N/A,SRR8615424
Hs-618.T,#N/A,Hs 618.T,#N/A,#N/A,SRR8615782
Hs-675.T,#N/A,Hs 675.T,#N/A,#N/A,SRR8615783
Hs-683,#N/A,Hs 683,#N/A,#N/A,SRR8615784
Hs-688(A).T,#N/A,Hs 688(A).T,#N/A,#N/A,SRR8615785
Hs-695T,#N/A,Hs 695T,#N/A,#N/A,SRR8615778
Hs-698.T,#N/A,Hs 698.T,#N/A,#N/A,SRR8615779
Hs-69ST,#N/A,#N/A,#N/A,#N/A,#N/A
Hs-706.T,#N/A,Hs 706.T,#N/A,#N/A,SRR8615780
Hs-729,#N/A,Hs 729,#N/A,#N/A,SRR8615781
Hs-737.T,#N/A,Hs 737.T,#N/A,#N/A,SRR8615790
Hs-739.T,#N/A,Hs 739.T,#N/A,#N/A,SRR8615791
Hs-742.T,#N/A,Hs 742.T,#N/A,#N/A,SRR8615321
Hs-746T,#N/A,Hs 746T,#N/A,#N/A,SRR8615322
Hs-751.T,#N/A,Hs 751.T,#N/A,#N/A,SRR8615319
Hs-766T,#N/A,Hs 766T,#N/A,#N/A,SRR8615320
Hs-819.T,#N/A,Hs 819.T,#N/A,#N/A,SRR8615325
Hs-821.T,#N/A,Hs 821.T,#N/A,#N/A,SRR8615326
Hs-822.T,#N/A,Hs 822.T,#N/A,#N/A,SRR8615323
Hs-832(C).T,#N/A,#N/A,#N/A,#N/A,#N/A
Hs-839.T,#N/A,Hs 839.T,#N/A,#N/A,SRR8615327
Hs-840.T,#N/A,Hs 840.T,#N/A,#N/A,SRR8615328
Hs-852.T,#N/A,Hs 852.T,#N/A,#N/A,SRR8615882
Hs-863.T,#N/A,Hs 863.T,#N/A,#N/A,SRR8615881
Hs-870.T,#N/A,Hs 870.T,#N/A,#N/A,SRR8615884
Hs-895.T,#N/A,Hs 895.T,#N/A,#N/A,SRR8615886
Hs-934.T,#N/A,Hs 934.T,#N/A,#N/A,SRR8615885
Hs-936.T,#N/A,Hs 936.T,#N/A,#N/A,SRR8615888
Hs-939.T,#N/A,Hs 939.T,#N/A,#N/A,SRR8615887
Hs-940.T,#N/A,Hs 940.T,#N/A,#N/A,SRR8615890
Hs-944.T,#N/A,Hs 944.T,#N/A,#N/A,SRR8615889
Hs-445,Hs-445,#N/A,EGAN00001266125,EGAF00000859726,#N/A
HS-Sultan,#N/A,#N/A,#N/A,#N/A,#N/A
HSC-2,#N/A,HSC-2,#N/A,#N/A,SRR8616040
HSC-3,#N/A,HSC-3,#N/A,#N/A,SRR8616041
HSC-39,HSC-39,#N/A,EGAN00001266127,EGAF00000859728,#N/A
HSC-4,#N/A,HSC-4,#N/A,#N/A,SRR8616042
HT,#N/A,HT,#N/A,#N/A,SRR8615667
HT-1080,#N/A,HT-1080,#N/A,#N/A,SRR8616043
HT-115,HT-115,HT115,EGAN00001202171,EGAF00000691959,SRR8616044
HT-1197,#N/A,HT-1197,#N/A,#N/A,SRR8616045
HT-1376,#N/A,HT-1376,#N/A,#N/A,SRR8616046
HT-144,#N/A,HT-144,#N/A,#N/A,SRR8616047
HT-29,HT-29,HT-29,EGAN00001202172,EGAF00000660866,SRR8616032
HT-3,HT-3,#N/A,EGAN00001266128,EGAF00000859729,#N/A
HT55,HT55,HT55,EGAN00001202173,EGAF00000691960,SRR8616033
HTC-C3,HTC-C3,#N/A,EGAN00001252855,EGAF00000824152,#N/A
HTK-,#N/A,#N/A,#N/A,#N/A,#N/A
HuCCT1,#N/A,HuCCT1,#N/A,#N/A,SRR8615666
HuG1-N,#N/A,HuG1-N,#N/A,#N/A,SRR8615665
huH-1,#N/A,huH-1,#N/A,#N/A,SRR8615664
HuH-6,HUH-6-clone5,HuH-6,EGAN00001266129,EGAF00000859730,SRR8615662
HuH-7,#N/A,HuH-7,#N/A,#N/A,SRR8615661
HuH28,#N/A,HuH28,#N/A,#N/A,SRR8615663
HuNS1,#N/A,HuNS1,#N/A,#N/A,SRR8615660
HuO-3N1,HuO-3N1,#N/A,EGAN00001236663,EGAF00000765622,#N/A
HuO9,HuO9,#N/A,EGAN00001236664,EGAF00000765623,#N/A
HuP-T3,#N/A,HUP-T3,#N/A,#N/A,SRR8615669
HuP-T4,#N/A,HUP-T4,#N/A,#N/A,SRR8615668
HuT-102,#N/A,HuT 102,#N/A,#N/A,SRR8615849
HuT-78,#N/A,HuT 78,#N/A,#N/A,SRR8615850
HuTu-80,#N/A,HuTu 80,#N/A,#N/A,SRR8615847
HUVEC,#N/A,#N/A,#N/A,#N/A,#N/A
IA-LM,#N/A,IA-LM,#N/A,#N/A,SRR8615848
IGR-1,#N/A,IGR-1,#N/A,#N/A,SRR8615845
IGR-37,#N/A,IGR-37,#N/A,#N/A,SRR8615846
IGR-39,#N/A,IGR-39,#N/A,#N/A,SRR8615843
IGROV-1,#N/A,IGROV1,#N/A,#N/A,SRR8615844
IHH-4,IHH-4,#N/A,EGAN00001252856,EGAF00000824153,#N/A
IM-9,IM-9,#N/A,EGAN00001252857,EGAF00000824154,#N/A
IM-95,#N/A,IM95,#N/A,#N/A,SRR8615841
IM95m,#N/A,#N/A,#N/A,#N/A,#N/A
IMR-32,#N/A,IMR-32,#N/A,#N/A,SRR8615842
IMR-5,IMR-5,#N/A,EGAN00001266130,EGAF00000859731,#N/A
IPC-298,#N/A,IPC-298,#N/A,#N/A,SRR8615494
Ishikawa-(Heraklio)-02-ER-,#N/A,Ishikawa (Heraklio) 02 ER-,#N/A,#N/A,SRR8615493
IST-MEL1,IST-MEL1,#N/A,EGAN00001252838,EGAF00000824143,#N/A
IST-MES1,IST-MES1,IST-MES1,EGAN00001202174,EGAF00000660867,SRR8615488
IST-SL1,IST-SL1,#N/A,EGAN00001236665,EGAF00000765624,#N/A
IST-SL2,IST-SL2,#N/A,EGAN00001236666,EGAF00000765625,#N/A
J82,#N/A,J82,#N/A,#N/A,SRR8615490
JAR,JAR,#N/A,EGAN00001266131,EGAF00000859732,#N/A
JEG-3,JEG-3,#N/A,EGAN00001266132,EGAF00000859733,#N/A
JeKo-1,#N/A,JeKo-1,#N/A,#N/A,SRR8615489
JHH-1,#N/A,JHH-1,#N/A,#N/A,SRR8615483
JHH-2,#N/A,JHH-2,#N/A,#N/A,SRR8615918
JHH-4,#N/A,JHH-4,#N/A,#N/A,SRR8615919
JHH-5,#N/A,JHH-5,#N/A,#N/A,SRR8615920
JHH-6,#N/A,JHH-6,#N/A,#N/A,SRR8615921
JHH-7,#N/A,JHH-7,#N/A,#N/A,SRR8615914
JHOC-5,#N/A,JHOC-5,#N/A,#N/A,SRR8615915
JHOM-1,#N/A,JHOM-1,#N/A,#N/A,SRR8615916
JHOM-2B,#N/A,JHOM-2B,#N/A,#N/A,SRR8615917
JHOS-2,#N/A,JHOS-2,#N/A,#N/A,SRR8615922
JHOS-3,JHOS-3,#N/A,EGAN00001266133,EGAF00000859734,#N/A
JHOS-4,#N/A,JHOS-4,#N/A,#N/A,SRR8615923
JHU-011,JHU-011,#N/A,EGAN00001266134,EGAF00000859735,#N/A
JHU-022,JHU-022,#N/A,EGAN00001266135,EGAF00000859736,#N/A
JHU-029,JHU-029,#N/A,EGAN00001266136,EGAF00000859737,#N/A
JHUEM-1,#N/A,JHUEM-1,#N/A,#N/A,SRR8615554
JHUEM-2,#N/A,JHUEM-2,#N/A,#N/A,SRR8615553
JHUEM-3,#N/A,JHUEM-3,#N/A,#N/A,SRR8615552
JHUEM-7,#N/A,JHUEM-7,#N/A,#N/A,SRR8615551
JIMT-1,#N/A,JIMT-1,#N/A,#N/A,SRR8615558
Jiyoye,JiyoyeP-2003,#N/A,EGAN00001266137,EGAF00000859738,#N/A
JJ012,#N/A,#N/A,#N/A,#N/A,#N/A
JJN-3,#N/A,JJN-3,#N/A,#N/A,SRR8615557
JK-1,#N/A,JK-1,#N/A,#N/A,SRR8615556
JL-1,#N/A,JL-1,#N/A,#N/A,SRR8615555
JM1,#N/A,JM1,#N/A,#N/A,SRR8615560
JMSU-1,#N/A,JMSU-1,#N/A,#N/A,SRR8615559
JSC-1,JSC-1,#N/A,EGAN00001266138,EGAF00000860146,#N/A
Jurkat,#N/A,JURKAT,#N/A,#N/A,SRR8615712
JURL-MK1,#N/A,JURL-MK1,#N/A,#N/A,SRR8615713
JVM-2,#N/A,JVM-2,#N/A,#N/A,SRR8615710
JVM-3,#N/A,JVM-3,#N/A,#N/A,SRR8615711
K-562,#N/A,K-562,#N/A,#N/A,SRR8615717
K029AX,#N/A,K029AX,#N/A,#N/A,SRR8615716
K2,K2,#N/A,EGAN00001252839,EGAF00000824144,#N/A
K5,K5,#N/A,EGAN00001252858,EGAF00000824155,#N/A
KALS-1,#N/A,KALS-1,#N/A,#N/A,SRR8615714
KARPAS-1106P,KARPAS-1106P,#N/A,EGAN00001266139,EGAF00000860147,#N/A
KARPAS-231,KARPAS-231,#N/A,EGAN00001266140,EGAF00000860148,#N/A
KARPAS-299,#N/A,KARPAS-299,#N/A,#N/A,SRR8615715
Karpas-422,#N/A,KARPAS-422,#N/A,#N/A,SRR8615704
KARPAS-45,KARPAS-45,#N/A,EGAN00001266141,EGAF00000860149,#N/A
KARPAS-620,KARPAS-620,KARPAS-620,EGAN00001280535,EGAF00000896436,SRR8615705
Kasumi-1,#N/A,KASUMI-1,#N/A,#N/A,SRR8615361
KASUMI-2,#N/A,KASUMI-2,#N/A,#N/A,SRR8615360
Kasumi-6,#N/A,Kasumi-6,#N/A,#N/A,SRR8615363
Kato-III,#N/A,KATO III,#N/A,#N/A,SRR8615362
KCI-MOH1,#N/A,#N/A,#N/A,#N/A,#N/A
KCL-22,#N/A,KCL-22,#N/A,#N/A,SRR8615365
KE-37,#N/A,KE-37,#N/A,#N/A,SRR8615367
KE-39,#N/A,KE-39,#N/A,#N/A,SRR8615366
KE-97,#N/A,KE-97,#N/A,#N/A,SRR8615358
KELLY,#N/A,KELLY,#N/A,#N/A,SRR8615357
KG-1,#N/A,KG-1,#N/A,#N/A,SRR8615910
KG-1-C,#N/A,KG-1-C,#N/A,#N/A,SRR8615911
KGN,KGN,#N/A,EGAN00001266142,EGAF00000860150,#N/A
KHM-1B,#N/A,KHM-1B,#N/A,#N/A,SRR8615913
Ki-JK,#N/A,Ki-JK,#N/A,#N/A,SRR8615912
KINGS-1,KINGS-1,#N/A,EGAN00001266143,EGAF00000860151,#N/A
KLE,#N/A,KLE,#N/A,#N/A,SRR8615907
KLM-1,#N/A,#N/A,#N/A,#N/A,#N/A
KM-12,#N/A,KM12,#N/A,#N/A,SRR8615906
KM-H2,KMH-2,KM-H2,EGAN00001252859,EGAF00000824156,SRR8615908
KMBC-2,#N/A,KMBC-2,#N/A,#N/A,SRR8615909
KMM-1,#N/A,KMM-1,#N/A,#N/A,SRR8615903
KMOE-2,KMOE-2,#N/A,EGAN00001266144,EGAF00000860152,#N/A
KMRC-1,#N/A,KMRC-1,#N/A,#N/A,SRR8615902
KMRC-2,#N/A,KMRC-2,#N/A,#N/A,SRR8615356
KMRC-20,#N/A,KMRC-20,#N/A,#N/A,SRR8615355
KMRC-3,#N/A,KMRC-3,#N/A,#N/A,SRR8615353
KMS-11,#N/A,KMS-11,#N/A,#N/A,SRR8615354
KMS-12-BM,#N/A,KMS-12-BM,#N/A,#N/A,SRR8615351
KMS-12-PE,#N/A,#N/A,#N/A,#N/A,#N/A
KMS-18,#N/A,KMS-18,#N/A,#N/A,SRR8615352
KMS-20,#N/A,KMS-20,#N/A,#N/A,SRR8615349
KMS-21BM,#N/A,KMS-21BM,#N/A,#N/A,SRR8615350
KMS-26,#N/A,KMS-26,#N/A,#N/A,SRR8615347
KMS-27,#N/A,KMS-27,#N/A,#N/A,SRR8615348
KMS-28BM,#N/A,KMS-28BM,#N/A,#N/A,SRR8615942
KMS-28PE,#N/A,#N/A,#N/A,#N/A,#N/A
KMS-34,#N/A,KMS-34,#N/A,#N/A,SRR8615941
KNS-42,#N/A,KNS-42,#N/A,#N/A,SRR8615703
KNS-60,#N/A,KNS-60,#N/A,#N/A,SRR8615702
KNS-62,KNS-62,KNS-62,EGAN00001280536,EGAF00000896437,SRR8615709
KNS-81,#N/A,KNS-81,#N/A,#N/A,SRR8615708
KNS-81-FD,KNS-81-FD,#N/A,EGAN00001266145,EGAF00000860153,#N/A
KO52,KO52,KO52,EGAN00001266146,EGAF00000859739,SRR8615707
KON,KON,#N/A,EGAN00001266147,EGAF00000859740,#N/A
KOPN-8,#N/A,KOPN-8,#N/A,#N/A,SRR8615706
KOSC-2,KOSC-2,#N/A,EGAN00001266148,EGAF00000859741,#N/A
KP-1N,KP-1N,#N/A,EGAN00001266149,EGAF00000859742,#N/A
KP-2,#N/A,KP-2,#N/A,#N/A,SRR8615951
KP-3,#N/A,KP-3,#N/A,#N/A,SRR8615950
KP-3L,#N/A,#N/A,#N/A,#N/A,#N/A
KP-4,#N/A,KP4,#N/A,#N/A,SRR8616075
KP-N-RT-BM-1,#N/A,KP-N-RT-BM-1,#N/A,#N/A,SRR8616078
KP-N-SI9s,#N/A,KP-N-SI9s,#N/A,#N/A,SRR8616071
KP-N-YN,#N/A,KP-N-YN,#N/A,#N/A,SRR8616072
KP-N-YS,KP-N-YS,#N/A,EGAN00001266150,EGAF00000859743,#N/A
KP4-x1.1,#N/A,#N/A,#N/A,#N/A,#N/A
KPL-1,#N/A,KPL-1,#N/A,#N/A,SRR8616076
KPL-4,#N/A,#N/A,#N/A,#N/A,#N/A
KS-1,#N/A,KS-1,#N/A,#N/A,SRR8616073
KU-19-19,#N/A,KU-19-19,#N/A,#N/A,SRR8616074
KU812,KU812,KU812,EGAN00001209147,EGAF00000691958,SRR8616080
KURAMOCHI,#N/A,KURAMOCHI,#N/A,#N/A,SRR8616081
KY821,KY821,#N/A,EGAN00001266151,EGAF00000859744,#N/A
KYM-1,#N/A,KYM-1,#N/A,#N/A,SRR8615391
KYO-1,#N/A,KYO-1,#N/A,#N/A,SRR8615943
KYSE-140,#N/A,KYSE-140,#N/A,#N/A,SRR8616035
KYSE-150,#N/A,KYSE-150,#N/A,#N/A,SRR8616034
KYSE-180,#N/A,KYSE-180,#N/A,#N/A,SRR8616037
KYSE-220,KYSE-220,#N/A,EGAN00001266153,EGAF00000859746,#N/A
KYSE-270,#N/A,KYSE-270,#N/A,#N/A,SRR8616036
KYSE-30,#N/A,KYSE-30,#N/A,#N/A,SRR8616039
KYSE-410,#N/A,KYSE-410,#N/A,#N/A,SRR8616038
KYSE-450,#N/A,KYSE-450,#N/A,#N/A,SRR8615511
KYSE-50,KYSE-50,#N/A,EGAN00001266154,EGAF00000864116,#N/A
KYSE-510,#N/A,KYSE-510,#N/A,#N/A,SRR8615500
KYSE-520,#N/A,KYSE-520,#N/A,#N/A,SRR8615481
KYSE-70,#N/A,KYSE-70,#N/A,#N/A,SRR8615482
L-1236,#N/A,L-1236,#N/A,#N/A,SRR8615479
L-363,#N/A,L-363,#N/A,#N/A,SRR8615485
L-428,#N/A,L-428,#N/A,#N/A,SRR8615486
L-540,#N/A,L-540,#N/A,#N/A,SRR8615683
L3.3,#N/A,L3.3,#N/A,#N/A,SRR8615480
LAMA-84,LAMA-84,LAMA-84,EGAN00001209148,EGAF00000684733,SRR8615684
LAN-6,LAN-6,#N/A,EGAN00001266155,EGAF00000864117,#N/A
LB1047-RCC,LB1047-RCC,#N/A,EGAN00001252860,EGAF00000827261,#N/A
LB2241-RCC,LB2241-RCC,#N/A,EGAN00001252861,EGAF00000824157,#N/A
LB2518-MEL,LB2518-MEL,#N/A,EGAN00001252840,EGAF00000824145,#N/A
LB647-SCLC,LB647-SCLC,#N/A,EGAN00001236667,EGAF00000765626,#N/A
LB771-HNC,LB771-HNC,#N/A,EGAN00001266156,EGAF00000864118,#N/A
LB831-BLC,LB831-BLC,#N/A,EGAN00001266157,EGAF00000864119,#N/A
LB996-RCC,LB996-RCC,#N/A,EGAN00001252862,EGAF00000824158,#N/A
LC-1-sq,LC-1-sq,#N/A,EGAN00001236668,EGAF00000769303,#N/A
LC-1F,#N/A,LC-1F,#N/A,#N/A,SRR8616103
LC-2-ad,LC-2-ad,#N/A,EGAN00001236669,EGAF00000769304,#N/A
LC4-1,LC4-1,#N/A,EGAN00001266158,EGAF00000864120,#N/A
LCLC-103H,#N/A,LCLC-103H,#N/A,#N/A,SRR8616115
LCLC-97TM1,#N/A,LCLC-97TM1,#N/A,#N/A,SRR8615719
Li-7,#N/A,Li-7,#N/A,#N/A,SRR8615387
LIM1215,LIM1215,#N/A,EGAN00001266159,EGAF00000864121,#N/A
LK-2,#N/A,LK-2,#N/A,#N/A,SRR8615840
LMSU,#N/A,LMSU,#N/A,#N/A,SRR8615839
LN-18,#N/A,LN-18,#N/A,#N/A,SRR8615838
LN-229,#N/A,LN-229,#N/A,#N/A,SRR8615836
LN-405,LN-405,#N/A,EGAN00001266160,EGAF00000864122,#N/A
LNCaP-clone-FGC,#N/A,LNCaP clone FGC,#N/A,#N/A,SRR8615547
LNZTA3WT4,LNZTA3WT4,#N/A,EGAN00001266161,EGAF00000864123,#N/A
LOU-NH91,#N/A,LOU-NH91,#N/A,#N/A,SRR8615550
Loucy,#N/A,Loucy,#N/A,#N/A,SRR8615549
LoVo,#N/A,LoVo,#N/A,#N/A,SRR8616185
LOX-IMVI,#N/A,LOX IMVI,#N/A,#N/A,SRR8616186
LOX-IMIV,#N/A,#N/A,#N/A,#N/A,#N/A
LP-1,#N/A,LP-1,#N/A,#N/A,SRR8615397
LS-180,LS-180,LS 180,EGAN00001202175,EGAF00000684734,SRR8615398
LS-1034,#N/A,LS1034,#N/A,#N/A,SRR8615396
LS-123,#N/A,LS123,#N/A,#N/A,SRR8615399
LS-513,LS-513,LS513,EGAN00001202176,EGAF00000684735,SRR8615392
LS174T,#N/A,#N/A,#N/A,#N/A,#N/A
LS411N,#N/A,LS411N,#N/A,#N/A,SRR8615393
LU-134-A,LU-134-A,#N/A,EGAN00001236670,EGAF00000769305,#N/A
LU-135,LU-135,#N/A,EGAN00001236671,EGAF00000769306,#N/A
LU-139,LU-139,#N/A,EGAN00001236672,EGAF00000769307,#N/A
LU-165,LU-165,#N/A,EGAN00001236673,EGAF00000769308,#N/A
LU-65,#N/A,LU65,#N/A,#N/A,SRR8615395
LU-99A,#N/A,#N/A,#N/A,#N/A,#N/A
LU99,#N/A,LU99,#N/A,#N/A,SRR8615394
LUDLU-1,#N/A,LUDLU-1,#N/A,#N/A,SRR8615402
LXF-289,#N/A,LXF-289,#N/A,#N/A,SRR8615401
LXFL529,#N/A,#N/A,#N/A,#N/A,#N/A
M-07e,#N/A,M-07e,#N/A,#N/A,SRR8615762
M059J,M059J,#N/A,EGAN00001266162,EGAF00000864124,#N/A
M059K,#N/A,M059K,#N/A,#N/A,SRR8615761
Malme-3M,#N/A,Malme-3M,#N/A,#N/A,SRR8615759
MB361.1,#N/A,#N/A,#N/A,#N/A,#N/A
MC-1010,MC-1010,#N/A,EGAN00001266163,EGAF00000864125,#N/A
MC-IXC,MC-IXC,#N/A,EGAN00001266164,EGAF00000864126,#N/A
MC116,#N/A,MC116,#N/A,#N/A,SRR8615760
MCAS,#N/A,MCAS,#N/A,#N/A,SRR8615757
MCC13,MCC13,#N/A,EGAN00001252843,EGAF00000824125,#N/A
MCC26,MCC26,#N/A,EGAN00001252863,EGAF00000824159,#N/A
MCF-10A,#N/A,#N/A,#N/A,#N/A,#N/A
MCF-7,#N/A,MCF7,#N/A,#N/A,SRR8615758
MCF10DCIS.com,#N/A,#N/A,#N/A,#N/A,#N/A
MDA-PCa-2b,#N/A,MDA PCa 2b,#N/A,#N/A,SRR8615579
MDA-MB-134-VI,#N/A,MDA-MB-134-VI,#N/A,#N/A,SRR8615755
MDA-MB-157,#N/A,MDA-MB-157,#N/A,#N/A,SRR8615756
MDA-MB-175-VII,#N/A,MDA-MB-175-VII,#N/A,#N/A,SRR8615766
MDA-MB-231,#N/A,MDA-MB-231,#N/A,#N/A,SRR8615767
MDA-MB-330,MDA-MB-330,#N/A,EGAN00001252844,EGAF00000824126,#N/A
MDA-MB-361,MDA-MB-361,MDA-MB-361,EGAN00001280537,EGAF00000896438,SRR8615581
MDA-MB-415,#N/A,MDA-MB-415,#N/A,#N/A,SRR8615582
MDA-MB-435,#N/A,MDA-MB-435S,#N/A,#N/A,SRR8615583
MDA-MB-436,#N/A,MDA-MB-436,#N/A,#N/A,SRR8615584
MDA-MB-453,#N/A,MDA-MB-453,#N/A,#N/A,SRR8615577
MDA-MB-468,#N/A,MDA-MB-468,#N/A,#N/A,SRR8615578
MDST8,MDST8,MDST8,EGAN00001236674,EGAF00000769309,SRR8615580
ME-1,#N/A,ME-1,#N/A,#N/A,SRR8615585
ME-180,ME-180,#N/A,EGAN00001266165,EGAF00000864127,#N/A
MEC-1,#N/A,MEC-1,#N/A,#N/A,SRR8615586
MEC-2,#N/A,#N/A,#N/A,#N/A,#N/A
MEG-01,#N/A,MEG-01,#N/A,#N/A,SRR8615234
MEL-HO,#N/A,MEL-HO,#N/A,#N/A,SRR8615233
MEL-JUSO,#N/A,MEL-JUSO,#N/A,#N/A,SRR8615232
MES-SA,#N/A,MES-SA,#N/A,#N/A,SRR8615231
Mewo,#N/A,MeWo,#N/A,#N/A,SRR8615238
MFE-280,#N/A,MFE-280,#N/A,#N/A,SRR8615237
MFE-296,#N/A,MFE-296,#N/A,#N/A,SRR8615236
MFE-319,#N/A,MFE-319,#N/A,#N/A,SRR8615235
MFH-ino,MFH-ino,#N/A,EGAN00001266166,EGAF00000864128,#N/A
MFM-223,MFM-223,#N/A,EGAN00001252845,EGAF00000824127,#N/A
MG-63,#N/A,MG-63,#N/A,#N/A,SRR8615240
MHH-CALL-2,#N/A,MHH-CALL-2,#N/A,#N/A,SRR8615239
MHH-CALL-4,#N/A,MHH-CALL-4,#N/A,#N/A,SRR8615524
MHH-ES-1,#N/A,MHH-ES-1,#N/A,#N/A,SRR8615521
MHH-NB-11,#N/A,MHH-NB-11,#N/A,#N/A,SRR8615522
MHH-PREB-1,MHH-PREB-1,#N/A,EGAN00001266167,EGAF00000864129,#N/A
MIA-PaCa-2,#N/A,MIA PaCa-2,#N/A,#N/A,SRR8615519
Mino,#N/A,Mino,#N/A,#N/A,SRR8615520
MJ,#N/A,MJ,#N/A,#N/A,SRR8615517
MKN-1,#N/A,MKN1,#N/A,#N/A,SRR8615518
MKN-45,#N/A,MKN-45,#N/A,#N/A,SRR8615515
MKN-7,#N/A,MKN7,#N/A,#N/A,SRR8616068
MKN-74,#N/A,MKN74,#N/A,#N/A,SRR8615516
MKN28,MKN28,#N/A,EGAN00001266168,EGAF00000864130,#N/A
ML-1,#N/A,ML-1,#N/A,#N/A,SRR8616067
ML-2,ML-2,#N/A,EGAN00001266169,EGAF00000864131,#N/A
MLMA,MLMA,#N/A,EGAN00001266170,EGAF00000864132,#N/A
MM.1S,#N/A,MM1-S,#N/A,#N/A,SRR8616070
MMAC-SF,MMAC-SF,#N/A,EGAN00001252865,EGAF00000824161,#N/A
MN-60,MN-60,#N/A,EGAN00001266171,EGAF00000864133,#N/A
Mo-T,Mo-T,#N/A,EGAN00001266175,EGAF00000864137,#N/A
MOG-G-CCM,MOG-G-CCM,#N/A,EGAN00001266172,EGAF00000864134,#N/A
MOG-G-UVW,MOG-G-UVW,#N/A,EGAN00001266173,EGAF00000864135,#N/A
MOLM-13,#N/A,MOLM-13,#N/A,#N/A,SRR8616069
MOLM-16,#N/A,MOLM-16,#N/A,#N/A,SRR8616064
MOLP-2,#N/A,MOLP-2,#N/A,#N/A,SRR8616066
MOLP-8,#N/A,MOLP-8,#N/A,#N/A,SRR8616065
MOLT-13,#N/A,MOLT-13,#N/A,#N/A,SRR8616061
MOLT-16,#N/A,MOLT-16,#N/A,#N/A,SRR8616060
MOLT-4,MOLT-4,#N/A,EGAN00001266174,EGAF00000864136,#N/A
MONO-MAC-1,#N/A,MONO-MAC-1,#N/A,#N/A,SRR8615695
MONO-MAC-6,#N/A,MONO-MAC-6,#N/A,#N/A,SRR8615696
MOR,#N/A,#N/A,#N/A,#N/A,#N/A
MOR/CPR,#N/A,MOR/CPR,#N/A,#N/A,SRR8615698
MOTN-1,#N/A,#N/A,#N/A,#N/A,#N/A
MPP-89,#N/A,MPP 89,#N/A,#N/A,SRR8615699
MRK-nu-1,MRK-nu-1,#N/A,EGAN00001252846,EGAF00000824128,#N/A
MS-1,MS-1,#N/A,EGAN00001236675,EGAF00000769310,#N/A
MS-1-L,#N/A,#N/A,#N/A,#N/A,#N/A
MS751,MS751,#N/A,EGAN00001266176,EGAF00000864138,#N/A
MSTO-211H,#N/A,MSTO-211H,#N/A,#N/A,SRR8615700
MT-3,#N/A,#N/A,#N/A,#N/A,#N/A
MUTZ-5,#N/A,MUTZ-5,#N/A,#N/A,SRR8615686
MV-4-11,#N/A,MV-4-11,#N/A,#N/A,SRR8615687
MX-1,#N/A,#N/A,#N/A,#N/A,#N/A
MY-M12,MY-M12,#N/A,EGAN00001266177,EGAF00000864139,#N/A
MZ1-PC,MZ1-PC,#N/A,EGAN00001266178,EGAF00000864140,#N/A
MZ2-MEL,MZ2-MEL,#N/A,EGAN00001252866,EGAF00000824162,#N/A
MZ7-mel,MZ7-mel,#N/A,EGAN00001252867,EGAF00000824163,#N/A
NALM-1,#N/A,NALM-1,#N/A,#N/A,SRR8615314
NALM-19,#N/A,NALM-19,#N/A,#N/A,SRR8615318
NALM-6,#N/A,NALM-6,#N/A,#N/A,SRR8615346
Namalwa,#N/A,NAMALWA,#N/A,#N/A,SRR8615345
NB_TU_1-10,#N/A,#N/A,#N/A,#N/A,#N/A
NB-1,#N/A,NB-1,#N/A,#N/A,SRR8615344
NB-4,#N/A,NB-4,#N/A,#N/A,SRR8615343
NB10,NB10,#N/A,EGAN00001266180,EGAF00000864142,#N/A
NB12,NB12,#N/A,EGAN00001266181,EGAF00000864143,#N/A
NB14,NB14,#N/A,EGAN00001266183,EGAF00000864145,#N/A
NB17,NB17,#N/A,EGAN00001266184,EGAF00000864146,#N/A
NB5,NB5,#N/A,EGAN00001266185,EGAF00000864147,#N/A
NB6,NB6,#N/A,EGAN00001266186,EGAF00000864148,#N/A
NB69,NB69,#N/A,EGAN00001266187,EGAF00000864149,#N/A
NB7,NB7,#N/A,EGAN00001266188,EGAF00000864150,#N/A
NCC-StC-K140,#N/A,NCC-StC-K140,#N/A,#N/A,SRR8615342
NCC010,NCC010,#N/A,EGAN00001252868,EGAF00000827262,#N/A
NCC021,NCC021,#N/A,EGAN00001252869,EGAF00000824164,#N/A
NCCIT,NCCIT,#N/A,EGAN00001266189,EGAF00000864151,#N/A
NCI-H1048,#N/A,NCI-H1048,#N/A,#N/A,SRR8615341
NCI-H1092,#N/A,NCI-H1092,#N/A,#N/A,SRR8615331
NCI-H1105,#N/A,NCI-H1105,#N/A,#N/A,SRR8615329
NCI-H1155,#N/A,NCI-H1155,#N/A,#N/A,SRR8615600
NCI-H1184,#N/A,NCI-H1184,#N/A,#N/A,SRR8615901
NCI-H128,NCI-H128,#N/A,EGAN00001236676,EGAF00000769311,#N/A
NCI-H1299,#N/A,NCI-H1299,#N/A,#N/A,SRR8615898
NCI-H1304,NCI-H1304,#N/A,EGAN00001236677,EGAF00000769312,#N/A
NCI-H1339,#N/A,NCI-H1339,#N/A,#N/A,SRR8615899
NCI-H1341,#N/A,NCI-H1341,#N/A,#N/A,SRR8615904
NCI-H1355,#N/A,NCI-H1355,#N/A,#N/A,SRR8615905
NCI-H1373,#N/A,NCI-H1373,#N/A,#N/A,SRR8615612
NCI-H1385,#N/A,NCI-H1385,#N/A,#N/A,SRR8615616
NCI-H1395,#N/A,NCI-H1395,#N/A,#N/A,SRR8615945
NCI-H1417,NCI-H1417,#N/A,EGAN00001236678,EGAF00000769313,#N/A
NCI-H1435,#N/A,NCI-H1435,#N/A,#N/A,SRR8615589
NCI-H1436,#N/A,NCI-H1436,#N/A,#N/A,SRR8615946
NCI-H1437,#N/A,NCI-H1437,#N/A,#N/A,SRR8615944
NCI-H146,#N/A,NCI-H146,#N/A,#N/A,SRR8616188
NCI-H1563,#N/A,NCI-H1563,#N/A,#N/A,SRR8616187
NCI-H1568,#N/A,NCI-H1568,#N/A,#N/A,SRR8616190
NCI-H1573,#N/A,NCI-H1573,#N/A,#N/A,SRR8616189
NCI-H1581,#N/A,NCI-H2077;NCI-H1581,#N/A,#N/A,SRR8615794
NCI-H1618,#N/A,NCI-H1618,#N/A,#N/A,SRR8616191
NCI-H1623,#N/A,NCI-H1623,#N/A,#N/A,SRR8616062
NCI-H1648,#N/A,NCI-H1648,#N/A,#N/A,SRR8615954
NCI-H1650,#N/A,NCI-H1650,#N/A,#N/A,SRR8615987
NCI-H1651,#N/A,NCI-H1651,#N/A,#N/A,SRR8615988
NCI-H1666,#N/A,NCI-H1666,#N/A,#N/A,SRR8615989
NCI-H1688,NCI-H1688,#N/A,EGAN00001236679,EGAF00000769314,#N/A
NCI-H1693,#N/A,NCI-H1693,#N/A,#N/A,SRR8615990
NCI-H1694,#N/A,NCI-H1694,#N/A,#N/A,SRR8615983
NCI-H1703,#N/A,NCI-H1703,#N/A,#N/A,SRR8615984
NCI-H1734,#N/A,NCI-H1734,#N/A,#N/A,SRR8615985
NCI-H1755,#N/A,NCI-H1755,#N/A,#N/A,SRR8615986
NCI-H1770,NCI-H1770,#N/A,EGAN00001236680,EGAF00000769315,#N/A
NCI-H1781,#N/A,NCI-H1781,#N/A,#N/A,SRR8615979
NCI-H1792,#N/A,NCI-H1792,#N/A,#N/A,SRR8615980
NCI-H1793,#N/A,NCI-H1793,#N/A,#N/A,SRR8615611
NCI-H1836,NCI-H1836,NCI-H1836,EGAN00001236681,EGAF00000769316,SRR8615609
NCI-H1838,#N/A,NCI-H1838,#N/A,#N/A,SRR8615608
NCI-H1869,#N/A,NCI-H1869,#N/A,#N/A,SRR8615615
NCI-H187,NCI-H187,#N/A,EGAN00001236682,EGAF00000769317,#N/A
NCI-H1876,#N/A,NCI-H1876,#N/A,#N/A,SRR8615614
NCI-H1882,#N/A,#N/A,#N/A,#N/A,#N/A
NCI-H1915,#N/A,NCI-H1915,#N/A,#N/A,SRR8615613
NCI-H1930,#N/A,NCI-H1930,#N/A,#N/A,SRR8615764
NCI-H1944,#N/A,NCI-H1944,#N/A,#N/A,SRR8615603
NCI-H196,#N/A,NCI-H196,#N/A,#N/A,SRR8615261
NCI-H1963,#N/A,NCI-H1963,#N/A,#N/A,SRR8615602
NCI-H1975,#N/A,NCI-H1975,#N/A,#N/A,SRR8615260
NCI-H1993,NCI-H1993,#N/A,EGAN00001236683,EGAF00000769318,#N/A
NCI-H2009,#N/A,NCI-H2009,#N/A,#N/A,SRR8615258
NCI-H2023,#N/A,NCI-H2023,#N/A,#N/A,SRR8615257
NCI-H2029,#N/A,NCI-H2029,#N/A,#N/A,SRR8615256
NCI-H2030,#N/A,NCI-H2030,#N/A,#N/A,SRR8615255
NCI-H2052,#N/A,NCI-H2052,#N/A,#N/A,SRR8615254
NCI-H2066,#N/A,NCI-H2066,#N/A,#N/A,SRR8615253
NCI-H2073,#N/A,NCI-H2073,#N/A,#N/A,SRR8615252
NCI-H2081,#N/A,NCI-H2081,#N/A,#N/A,SRR8615601
NCI-H2085,#N/A,NCI-H2085,#N/A,#N/A,SRR8615796
NCI-H2087,#N/A,NCI-H2087,#N/A,#N/A,SRR8615802
NCI-H209,#N/A,NCI-H209,#N/A,#N/A,SRR8615604
NCI-H2106,#N/A,NCI-H2106,#N/A,#N/A,SRR8615605
NCI-H211,#N/A,NCI-H211,#N/A,#N/A,SRR8615607
NCI-H2110,#N/A,NCI-H2110,#N/A,#N/A,SRR8615606
NCI-H2122,#N/A,NCI-H2122,#N/A,#N/A,SRR8615813
NCI-H2126,#N/A,NCI-H2126,#N/A,#N/A,SRR8615814
NCI-H2135,NCI-H2135,#N/A,EGAN00001236684,EGAF00000773572,#N/A
NCI-H2141,NCI-H2141,#N/A,EGAN00001236685,EGAF00000773573,#N/A
NCI-H2170,#N/A,NCI-H2170,#N/A,#N/A,SRR8616108
NCI-H2171,#N/A,NCI-H2171,#N/A,#N/A,SRR8616107
NCI-H2172,#N/A,NCI-H2172,#N/A,#N/A,SRR8616110
NCI-H2196,#N/A,NCI-H2196,#N/A,#N/A,SRR8616109
NCI-H2198,#N/A,#N/A,#N/A,#N/A,#N/A
NCI-H2227,#N/A,NCI-H2227,#N/A,#N/A,SRR8616112
NCI-H2228,#N/A,NCI-H2228,#N/A,#N/A,SRR8616111
NCI-H226,#N/A,NCI-H226,#N/A,#N/A,SRR8616114
NCI-H2286,#N/A,NCI-H2286,#N/A,#N/A,SRR8616113
NCI-H2291,#N/A,NCI-H2291,#N/A,#N/A,SRR8616106
NCI-H23,#N/A,NCI-H23,#N/A,#N/A,SRR8615538
NCI-H2342,#N/A,NCI-H2342,#N/A,#N/A,SRR8616105
NCI-H2347,#N/A,NCI-H2347,#N/A,#N/A,SRR8615537
NCI-H2369,#N/A,#N/A,#N/A,#N/A,#N/A
NCI-H2373,#N/A,#N/A,#N/A,#N/A,#N/A
NCI-H2405,#N/A,NCI-H2405,#N/A,#N/A,SRR8615535
NCI-H2444,#N/A,NCI-H2444,#N/A,#N/A,SRR8615536
NCI-H2452,#N/A,NCI-H2452,#N/A,#N/A,SRR8615541
NCI-H2461,H2461,#N/A,EGAN00001202155,EGAF00000660852,#N/A
NCI-H2595,#N/A,#N/A,#N/A,#N/A,#N/A
NCI-H2722,#N/A,#N/A,#N/A,#N/A,#N/A
NCI-H2731,#N/A,#N/A,#N/A,#N/A,#N/A
NCI-H2795,#N/A,#N/A,#N/A,#N/A,#N/A
NCI-H28,#N/A,NCI-H28,#N/A,#N/A,SRR8615540
NCI-H2803,#N/A,#N/A,#N/A,#N/A,#N/A
NCI-H2804,#N/A,#N/A,#N/A,#N/A,#N/A
NCI-H2810,#N/A,#N/A,#N/A,#N/A,#N/A
NCI-H292,#N/A,NCI-H292,#N/A,#N/A,SRR8615529
NCI-H3122,NCI-H3122,NCI-H3122,EGAN00001236687,EGAF00000773575,SRR8615530
NCI-H322,#N/A,NCI-H322,#N/A,#N/A,SRR8615807
NCI-H322M,#N/A,#N/A,#N/A,#N/A,#N/A
NCI-H322T,#N/A,#N/A,#N/A,#N/A,#N/A
NCI-H3255,#N/A,NCI-H3255,#N/A,#N/A,SRR8615806
NCI-H345,NCI-H345,#N/A,EGAN00001236688,EGAF00000773576,#N/A
NCI-H358,#N/A,NCI-H358,#N/A,#N/A,SRR8615805
NCI-H378,NCI-H378,#N/A,EGAN00001236689,EGAF00000773577,#N/A
NCI-H441,#N/A,NCI-H441,#N/A,#N/A,SRR8615804
NCI-H446,#N/A,NCI-H446,#N/A,#N/A,SRR8615811
NCI-H460,#N/A,NCI-H460,#N/A,#N/A,SRR8615810
NCI-H508,#N/A,NCI-H508,#N/A,#N/A,SRR8615809
NCI-H510,NCI-H510A,NCI-H510,EGAN00001252847,EGAF00000824129,SRR8615808
NCI-H520,#N/A,NCI-H520,#N/A,#N/A,SRR8615799
NCI-H522,#N/A,NCI-H522,#N/A,#N/A,SRR8615798
NCI-H524,#N/A,NCI-H524,#N/A,#N/A,SRR8616160
NCI-H526,#N/A,NCI-H526,#N/A,#N/A,SRR8616161
NCI-H596,#N/A,NCI-H596,#N/A,#N/A,SRR8616162
NCI-H630,NCI-H630,#N/A,EGAN00001202177,EGAF00000684736,#N/A
NCI-H64,NCI-H64,#N/A,EGAN00001252848,EGAF00000824130,#N/A
NCI-H647,#N/A,NCI-H647,#N/A,#N/A,SRR8616163
NCI-H650,#N/A,NCI-H650,#N/A,#N/A,SRR8616156
NCI-H660,#N/A,NCI-H660,#N/A,#N/A,SRR8616157
NCI-H661,NCI-H661,NCI-H661,EGAN00001280538,EGAF00000908962,SRR8616158
NCI-H69,#N/A,NCI-H69,#N/A,#N/A,SRR8616152
NCI-H716,#N/A,NCI-H716,#N/A,#N/A,SRR8616153
NCI-H720,NCI-H720,#N/A,EGAN00001252849,EGAF00000824131,#N/A
NCI-H727,#N/A,NCI-H727,#N/A,#N/A,SRR8615465
NCI-H740,NCI-H740,#N/A,EGAN00001252850,EGAF00000824132,#N/A
NCI-H747,#N/A,NCI-H747,#N/A,#N/A,SRR8615462
NCI-H748,NCI-H748,#N/A,EGAN00001252870,EGAF00000824165,#N/A
NCI-H810,#N/A,NCI-H810,#N/A,#N/A,SRR8615982
NCI-H82,#N/A,NCI-H82,#N/A,#N/A,SRR8615981
NCI-H820,NCI-H820,#N/A,EGAN00001252871,EGAF00000824166,#N/A
NCI-H838,#N/A,NCI-H838,#N/A,#N/A,SRR8615976
NCI-H841,#N/A,NCI-H841,#N/A,#N/A,SRR8615975
NCI-H847,NCI-H847,#N/A,EGAN00001252873,EGAF00000824168,#N/A
NCI-H854,#N/A,NCI-H854,#N/A,#N/A,SRR8615978
NCI-H889,#N/A,NCI-H889,#N/A,#N/A,SRR8615977
NCI-H920,#N/A,#N/A,#N/A,#N/A,#N/A
NCI-H929,#N/A,NCI-H929,#N/A,#N/A,SRR8615498
NCI-N417,#N/A,#N/A,#N/A,#N/A,#N/A
NCI-N87,#N/A,NCI-N87,#N/A,#N/A,SRR8615495
NCI-PC3,#N/A,#N/A,#N/A,#N/A,#N/A
NCI-SNU-1,NCI-SNU-1,#N/A,EGAN00001266190,EGAF00000864152,#N/A
NCI-SNU-16,NCI-SNU-16,#N/A,EGAN00001266191,EGAF00000864153,#N/A
NCI-SNU-5,#N/A,#N/A,#N/A,#N/A,#N/A
NCO2,#N/A,NCO2,#N/A,#N/A,SRR8615446
NEC8,NEC8,#N/A,EGAN00001266192,EGAF00000864154,#N/A
NH-12,NH-12,#N/A,EGAN00001266193,EGAF00000864155,#N/A
NH-6,#N/A,NH-6,#N/A,#N/A,SRR8615447
NIH:OVCAR-3,#N/A,NIH:OVCAR-3,#N/A,#N/A,SRR8615445
NK-92MI,#N/A,#N/A,#N/A,#N/A,#N/A
NKM-1,NKM-1,#N/A,EGAN00001266194,EGAF00000864156,#N/A
NMC-G1,#N/A,NMC-G1,#N/A,#N/A,SRR8615442
no-10,no-10,#N/A,EGAN00001266195,EGAF00000864157,#N/A
no-11,no-11,#N/A,EGAN00001266196,EGAF00000864158,#N/A
NOMO-1,#N/A,NOMO-1,#N/A,#N/A,SRR8615443
NOS-1,NOS-1,#N/A,EGAN00001236690,EGAF00000773578,#N/A
NTERA-2,NTERA-2cl-D1,#N/A,EGAN00001266197,EGAF00000866033,#N/A
NU-DHL-1,#N/A,NU-DHL-1,#N/A,#N/A,SRR8615440
NU-DUL-1,#N/A,NU-DUL-1,#N/A,#N/A,SRR8615441
NUGC-2,#N/A,NUGC-2,#N/A,#N/A,SRR8615449
NUGC-3,#N/A,NUGC-3,#N/A,#N/A,SRR8615450
NUGC-4,#N/A,NUGC-4,#N/A,#N/A,SRR8615244
NY,NY,#N/A,EGAN00001236691,EGAF00000773579,#N/A
OACM5-1,OACM5-1,#N/A,EGAN00001266198,EGAF00000866034,#N/A
OACp4C,OACp4C,#N/A,EGAN00001266199,EGAF00000866035,#N/A
OAW-28,#N/A,OAW28,#N/A,#N/A,SRR8615243
OAW-42,#N/A,OAW42,#N/A,#N/A,SRR8615514
OAW28NR,#N/A,#N/A,#N/A,#N/A,#N/A
OC-314,#N/A,OC 314,#N/A,#N/A,SRR8615513
OC-316,#N/A,#N/A,#N/A,#N/A,#N/A
OCI-AML2,#N/A,OCI-AML2,#N/A,#N/A,SRR8615512
OCI-AML3,#N/A,OCI-AML3,#N/A,#N/A,SRR8615242
OCI-AML5,#N/A,OCI-AML5,#N/A,#N/A,SRR8615510
OCI-LY-19,#N/A,OCI-LY-19,#N/A,#N/A,SRR8615509
OCI-LY-7,OCI-LY7,#N/A,EGAN00001266200,EGAF00000866036,#N/A
OCI-Ly10,#N/A,#N/A,#N/A,#N/A,#N/A
OCI-Ly3,#N/A,OCI-LY3,#N/A,#N/A,SRR8615263
OCI-M1,#N/A,OCI-M1,#N/A,#N/A,SRR8615262
OCI-M2,#N/A,#N/A,#N/A,#N/A,#N/A
OCUB-M,OCUB-M,#N/A,EGAN00001252874,EGAF00000824169,#N/A
OCUM-1,#N/A,OCUM-1,#N/A,#N/A,SRR8615225
OE19,#N/A,OE19,#N/A,#N/A,SRR8615226
OE21,#N/A,OE21,#N/A,#N/A,SRR8615227
OE33,#N/A,OE33,#N/A,#N/A,SRR8615228
OELE,#N/A,OELE,#N/A,#N/A,SRR8615229
OKAJIMA,#N/A,#N/A,#N/A,#N/A,#N/A
OMC-1,OMC-1,#N/A,EGAN00001266201,EGAF00000866037,#N/A
ONCO-DG-1,#N/A,ONCO-DG-1,#N/A,#N/A,SRR8615230
ONS-76,#N/A,ONS-76,#N/A,#N/A,SRR8615867
OPM-2,#N/A,OPM-2,#N/A,#N/A,SRR8615877
OS-RC-2,#N/A,OS-RC-2,#N/A,#N/A,SRR8615878
OSC-19,OSC-19,#N/A,EGAN00001266202,EGAF00000866038,#N/A
OSC-20,OSC-20,#N/A,EGAN00001266203,EGAF00000866039,#N/A
OUMS-23,#N/A,OUMS-23,#N/A,#N/A,SRR8615875
OUMS-27,#N/A,#N/A,#N/A,#N/A,#N/A
OV-17R,OV-17R,#N/A,EGAN00001266204,EGAF00000866040,#N/A
OV-56,#N/A,OV56,#N/A,#N/A,SRR8615876
OV-7,#N/A,OV7,#N/A,#N/A,SRR8615873
OV-90,#N/A,OV-90,#N/A,#N/A,SRR8615874
OvCA-432,#N/A,#N/A,#N/A,#N/A,#N/A
OvCA420,OVCA420,#N/A,EGAN00001266205,EGAF00000864159,#N/A
OvCA429,#N/A,#N/A,#N/A,#N/A,#N/A
OvCA433,OVCA433,#N/A,EGAN00001266206,EGAF00000864160,#N/A
OVCAR-4,#N/A,OVCAR-4,#N/A,#N/A,SRR8615870
OVCAR-5,OVCAR-5,#N/A,EGAN00001266207,EGAF00000864161,#N/A
OVCAR-8,#N/A,OVCAR-8,#N/A,#N/A,SRR8615871
OVISE,#N/A,OVISE,#N/A,#N/A,SRR8615879
OVK-18,#N/A,OVK18,#N/A,#N/A,SRR8615880
OVKATE,OVKATE,OVKATE,EGAN00001266208,EGAF00000864162,SRR8615753
OVMANA,#N/A,OVMANA,#N/A,#N/A,SRR8615734
OVMIU,OVMIU,#N/A,EGAN00001266209,EGAF00000864163,#N/A
OVSAHO,#N/A,OVSAHO,#N/A,#N/A,SRR8616155
OVTOKO,#N/A,OVTOKO,#N/A,#N/A,SRR8616154
P12-ICHIKAWA,#N/A,P12-ICHIKAWA,#N/A,#N/A,SRR8616149
P30-OHK,P30-OHK,#N/A,EGAN00001266210,EGAF00000864164,#N/A
P31-FUJ,#N/A,P31/FUJ,#N/A,#N/A,SRR8616148
P32-ISH,P32-ISH,#N/A,EGAN00001266211,EGAF00000864165,#N/A
P3HR-1,#N/A,P3HR-1,#N/A,#N/A,SRR8616151
PA-1,PA-1,#N/A,EGAN00001266212,EGAF00000864166,#N/A
PA-TU-8902,#N/A,PA-TU-8902,#N/A,#N/A,SRR8615691
PA-TU-8988S,#N/A,PA-TU-8988S,#N/A,#N/A,SRR8615795
PA-TU-8988T,#N/A,PA-TU-8988T,#N/A,#N/A,SRR8615359
Panc-02.03,#N/A,Panc 02.03,#N/A,#N/A,SRR8616150
Panc-02.13,#N/A,Panc 02.13,#N/A,#N/A,SRR8615241
Panc-03.27,#N/A,Panc 03.27,#N/A,#N/A,SRR8615436
Panc-04.03,#N/A,Panc 04.03,#N/A,#N/A,SRR8615765
Panc-05.04,#N/A,Panc 05.04,#N/A,#N/A,SRR8615370
Panc-08.13,#N/A,Panc 08.13,#N/A,#N/A,SRR8615371
Panc-10.05,#N/A,Panc 10.05,#N/A,#N/A,SRR8615377
Panc-1,#N/A,PANC-1,#N/A,#N/A,SRR8615685
PC-14,#N/A,PC-14,#N/A,#N/A,SRR8615640
PC-3,#N/A,PC-3,#N/A,#N/A,SRR8615641
PC-3_JPC-3,#N/A,#N/A,#N/A,#N/A,#N/A
PCI-15A,PCI-15A,#N/A,EGAN00001266213,EGAF00000866041,#N/A
PCI-30,PCI-30,#N/A,EGAN00001266214,EGAF00000866042,#N/A
PCI-38,PCI-38,#N/A,EGAN00001266215,EGAF00000866043,#N/A
PCI-4B,PCI-4B,#N/A,EGAN00001266216,EGAF00000866044,#N/A
PCI-6A,PCI-6A,#N/A,EGAN00001266217,EGAF00000866045,#N/A
PCM6,#N/A,#N/A,#N/A,#N/A,#N/A
PE_CA-PJ15,#N/A,PE/CA-PJ15,#N/A,#N/A,SRR8615670
PE/CA-PJ34-(clone-C12),#N/A,PE/CA-PJ34 (clone C12),#N/A,#N/A,SRR8615299
PE/CA-PJ41-(clone-D2),#N/A,PE/CA-PJ41 (clone D2),#N/A,#N/A,SRR8615298
PE/CA-PJ49,#N/A,PE/CA-PJ49,#N/A,#N/A,SRR8615305
PE01,#N/A,#N/A,#N/A,#N/A,#N/A
PEER,#N/A,PEER,#N/A,#N/A,SRR8615304
PEO1,PEO1,#N/A,EGAN00001266218,EGAF00000866046,#N/A
PF-382,#N/A,PF-382,#N/A,#N/A,SRR8615303
Pfeiffer,#N/A,Pfeiffer,#N/A,#N/A,SRR8615302
PFSK-1,PFSK-1,#N/A,EGAN00001266219,EGAF00000866047,#N/A
PK-1,#N/A,PK-1,#N/A,#N/A,SRR8615296
PK-45H,#N/A,PK-45H,#N/A,#N/A,SRR8615295
PK-45P,#N/A,#N/A,#N/A,#N/A,#N/A
PK-59,#N/A,PK-59,#N/A,#N/A,SRR8615969
PK-8,#N/A,#N/A,#N/A,#N/A,#N/A
PL-21,#N/A,PL-21,#N/A,#N/A,SRR8615970
PL18,PL18,#N/A,EGAN00001266220,EGAF00000866048,#N/A
PL4,PL4,#N/A,EGAN00001266221,EGAF00000866049,#N/A
PL45,#N/A,#N/A,#N/A,#N/A,#N/A
PLC/PRF/5,#N/A,PLC/PRF/5,#N/A,#N/A,SRR8615968
PrEC-LH,#N/A,PrEC LH,#N/A,#N/A,SRR8615973
PSN1,#N/A,PSN1,#N/A,#N/A,SRR8615974
PWR-1E,PWR-1E,#N/A,EGAN00001266222,EGAF00000866050,#N/A
QGP-1,#N/A,QGP-1,#N/A,#N/A,SRR8615971
QIMR-WIL,QIMR-WIL,#N/A,EGAN00001266223,EGAF00000866051,#N/A
Raji,#N/A,Raji,#N/A,#N/A,SRR8615972
Ramos,#N/A,#N/A,#N/A,#N/A,#N/A
Ramos-2G6-4C10,Ramos-2G6-4C10,#N/A,EGAN00001266224,EGAF00000866052,#N/A
RC-K8,RC-K8,#N/A,EGAN00001266227,EGAF00000866055,#N/A
RCC-4,#N/A,#N/A,#N/A,#N/A,#N/A
RCC-AB,RCC-AB,#N/A,EGAN00001253222,EGAF00000826250,#N/A
RCC-ER,RCC-ER,#N/A,EGAN00001266225,EGAF00000866053,#N/A
RCC-FG2,RCC-FG2,#N/A,EGAN00001266226,EGAF00000866054,#N/A
RCC-JF,RCC-JF,#N/A,EGAN00001253223,EGAF00000826251,#N/A
RCC-JW,RCC-JW,#N/A,EGAN00001253224,EGAF00000826252,#N/A
RCC-MF,RCC-MF,#N/A,EGAN00001253225,EGAF00000826253,#N/A
RCC10RGB,#N/A,RCC10RGB,#N/A,#N/A,SRR8615964
RCH-ACV,#N/A,RCH-ACV,#N/A,#N/A,SRR8615965
RCM-1,#N/A,RCM-1,#N/A,#N/A,SRR8615593
RD,#N/A,RD,#N/A,#N/A,SRR8615595
RD-ES,#N/A,RD-ES,#N/A,#N/A,SRR8615592
REC-1,#N/A,REC-1,#N/A,#N/A,SRR8615594
Reh,#N/A,Reh,#N/A,#N/A,SRR8615597
RERF-GC-1B,#N/A,RERF-GC-1B,#N/A,#N/A,SRR8615596
RERF-LC-Ad1,#N/A,RERF-LC-Ad1,#N/A,#N/A,SRR8615599
RERF-LC-Ad2,#N/A,RERF-LC-Ad2,#N/A,#N/A,SRR8615598
RERF-LC-AI,#N/A,RERF-LC-AI,#N/A,#N/A,SRR8615591
RERF-LC-FM,#N/A,#N/A,#N/A,#N/A,#N/A
RERF-LC-KJ,#N/A,RERF-LC-KJ,#N/A,#N/A,SRR8615590
RERF-LC-MS,#N/A,RERF-LC-MS,#N/A,#N/A,SRR8615993
RERF-LC-OK,#N/A,#N/A,#N/A,#N/A,#N/A
RERF-LC-Sq1,#N/A,RERF-LC-Sq1,#N/A,#N/A,SRR8615797
RF-48,RF-48,#N/A,EGAN00001266228,EGAF00000866056,#N/A
RH-1,RH-1,#N/A,EGAN00001266229,EGAF00000867541,#N/A
RH-18,#N/A,RH-18,#N/A,#N/A,SRR8615718
RH-30,#N/A,RH-30,#N/A,#N/A,SRR8615722
RH-41,#N/A,RH-41,#N/A,#N/A,SRR8615800
Ri-1,#N/A,RI-1,#N/A,#N/A,SRR8615801
RKN,#N/A,RKN,#N/A,#N/A,SRR8616094
RKO,RKO,RKO,EGAN00001202178,EGAF00000660868,SRR8615803
RKO-AS45.1,#N/A,#N/A,#N/A,#N/A,#N/A
RKO-E6,#N/A,#N/A,#N/A,#N/A,#N/A
RL,#N/A,RL,#N/A,#N/A,SRR8615747
RL95-2,#N/A,RL95-2,#N/A,#N/A,SRR8615743
RMG-I,#N/A,RMG-I,#N/A,#N/A,SRR8615439
RMUG-S,#N/A,RMUG-S,#N/A,#N/A,SRR8615438
RO82-W-1,RO82-W-1,#N/A,EGAN00001253226,EGAF00000826254,#N/A
ROS-50,ROS-50,#N/A,EGAN00001266230,EGAF00000867542,#N/A
RPMI-2650,RPMI-2650,#N/A,EGAN00001266231,EGAF00000867543,#N/A
RPMI-8226,#N/A,RPMI 8226,#N/A,#N/A,SRR8616028
RPMI-6666,RPMI-6666,#N/A,EGAN00001266232,EGAF00000867544,#N/A
RPMI-7951,#N/A,RPMI-7951,#N/A,#N/A,SRR8615437
RPMI-8402,#N/A,RPMI-8402,#N/A,#N/A,SRR8615435
RPMI-8866,RPMI-8866,#N/A,EGAN00001266233,EGAF00000867545,#N/A
RS4-11,#N/A,RS4;11,#N/A,#N/A,SRR8615434
RT-112,#N/A,RT-112,#N/A,#N/A,SRR8615432
RT112/84,#N/A,#N/A,#N/A,#N/A,#N/A
RT4,#N/A,RT4,#N/A,#N/A,SRR8615431
RVH-421,RVH-421,RVH-421,EGAN00001253227,EGAF00000827263,SRR8615430
RXF393,RXF393,#N/A,EGAN00001280540,EGAF00000909427,#N/A
S-117,#N/A,S-117,#N/A,#N/A,SRR8615587
SALE,#N/A,SALE,#N/A,#N/A,SRR8616104
Saos-2,#N/A,Saos-2,#N/A,#N/A,SRR8616101
Sarc9371,Sarc9371,#N/A,EGAN00001253228,EGAF00000827830,#N/A
SAS,SAS,#N/A,EGAN00001266234,EGAF00000867546,#N/A
SAT,SAT,#N/A,EGAN00001266235,EGAF00000867547,#N/A
SBC-1,SBC-1,#N/A,EGAN00001253229,EGAF00000826236,#N/A
SBC-3,SBC-3,#N/A,EGAN00001253230,EGAF00000826237,#N/A
SBC-5,#N/A,SBC-5,#N/A,#N/A,SRR8616102
Sc-1,SC-1,#N/A,EGAN00001266236,EGAF00000867548,#N/A
SCaBER,#N/A,SCaBER,#N/A,#N/A,SRR8616099
SCC-15,#N/A,SCC-15,#N/A,#N/A,SRR8616100
SCC-25,#N/A,SCC-25,#N/A,#N/A,SRR8616097
SCC-3,SCC-3,#N/A,EGAN00001266237,EGAF00000867549,#N/A
SCC-4,#N/A,SCC-4,#N/A,#N/A,SRR8616098
SCC-9,#N/A,SCC-9,#N/A,#N/A,SRR8616095
SCC90,SCC90,#N/A,EGAN00001266238,EGAF00000867550,#N/A
SCH,SCH,#N/A,EGAN00001266239,EGAF00000867551,#N/A
SCLC-21H,#N/A,SCLC-21H,#N/A,#N/A,SRR8616096
SCLC-22H,#N/A,#N/A,#N/A,#N/A,#N/A
SEM,#N/A,SEM,#N/A,#N/A,SRR8615750
Set-2,Set2,Set-2,EGAN00001266240,EGAF00000867560,SRR8615749
SF-172,#N/A,SF-172,#N/A,#N/A,SRR8615751
SF-295,#N/A,SF-295,#N/A,#N/A,SRR8615745
SF126,#N/A,SF126,#N/A,#N/A,SRR8615752
SF268,#N/A,SF268,#N/A,#N/A,SRR8615746
SF539,#N/A,SF539,#N/A,#N/A,SRR8615748
SH-10-TC,#N/A,SH-10-TC,#N/A,#N/A,SRR8615744
SH-4,#N/A,SH-4,#N/A,#N/A,SRR8616090
SH-SY5Y,#N/A,#N/A,#N/A,#N/A,#N/A
SHP-77,#N/A,SHP-77,#N/A,#N/A,SRR8615674
SIG-M5,#N/A,SIG-M5,#N/A,#N/A,SRR8615673
SiHa,SiHa,SIHA,EGAN00001266241,EGAF00000867561,SRR8615676
SIMA,#N/A,SIMA,#N/A,#N/A,SRR8615675
SISO,SISO,#N/A,EGAN00001266242,EGAF00000866025,#N/A
SJCRH30,#N/A,#N/A,#N/A,#N/A,#N/A
SJRH30,SJRH30,#N/A,EGAN00001266243,EGAF00000866026,#N/A
SJSA-1,#N/A,SJSA-1,#N/A,#N/A,SRR8615678
SK-BR-3,#N/A,SK-BR-3,#N/A,#N/A,SRR8615677
SK-CO-1,#N/A,SK-CO-1,#N/A,#N/A,SRR8615680
SK-ES-1,#N/A,SK-ES-1,#N/A,#N/A,SRR8615679
SK-GT-2,SK-GT-2,#N/A,EGAN00001266245,EGAF00000866028,#N/A
SK-GT-4,SK-GT-4,#N/A,EGAN00001266246,EGAF00000866029,#N/A
SK-HEP-1,#N/A,SK-HEP-1,#N/A,#N/A,SRR8615682
SK-LMS-1,#N/A,SK-LMS-1,#N/A,#N/A,SRR8615681
SK-LU-1,#N/A,SK-LU-1,#N/A,#N/A,SRR8616050
SK-MEL-1,#N/A,SK-MEL-1,#N/A,#N/A,SRR8616048
SK-MEL-2,SK-MEL-2,#N/A,EGAN00001253231,EGAF00000826238,#N/A
SK-MEL-24,#N/A,SK-MEL-24,#N/A,#N/A,SRR8616049
SK-MEL-28,#N/A,SK-MEL-28,#N/A,#N/A,SRR8616054
SK-MEL-3,#N/A,SK-MEL-3,#N/A,#N/A,SRR8616053
SK-MEL-30,#N/A,SK-MEL-30,#N/A,#N/A,SRR8616055
SK-MEL-31,#N/A,SK-MEL-31,#N/A,#N/A,SRR8616052
SK-MEL-5,#N/A,SK-MEL-5,#N/A,#N/A,SRR8616056
SK-MES-1,#N/A,SK-MES-1,#N/A,#N/A,SRR8616057
SK-MG-1,SK-MG-1,#N/A,EGAN00001266247,EGAF00000866030,#N/A
SK-MM-2,#N/A,SK-MM-2,#N/A,#N/A,SRR8615503
SK-N-AS,#N/A,SK-N-AS,#N/A,#N/A,SRR8615502
SK-N-BE(2),#N/A,SK-N-BE(2),#N/A,#N/A,SRR8615501
SK-N-DZ,#N/A,SK-N-DZ,#N/A,#N/A,SRR8616147
SK-N-FI,#N/A,SK-N-FI,#N/A,#N/A,SRR8615940
SK-N-MC,#N/A,SK-N-MC,#N/A,#N/A,SRR8615497
SK-N-SH,SK-N-SH,SK-N-SH,EGAN00001266250,EGAF00000880558,SRR8615506
SK-NEP-1,SK-NEP-1,SKNEP1,EGAN00001266285,EGAF00000867568,SRR8615499
SK-OV-3,#N/A,SK-OV-3,#N/A,#N/A,SRR8615505
SK-PN-DW,SK-PN-DW,SKPNDW,EGAN00001253232,EGAF00000826239,SRR8615859
SK-UT-1,#N/A,SK-UT-1,#N/A,#N/A,SRR8615861
SK23,#N/A,#N/A,#N/A,#N/A,#N/A
SKG-IIIa,SKG-IIIa,#N/A,EGAN00001266244,EGAF00000866027,#N/A
SKM-1,#N/A,SKM-1,#N/A,#N/A,SRR8616051
SKN-3,SKN-3,#N/A,EGAN00001266249,EGAF00000866032,#N/A
SLR-20,#N/A,SLR 20,#N/A,#N/A,SRR8615862
SLR-21,#N/A,SLR 21,#N/A,#N/A,SRR8615863
SLR-23,#N/A,SLR 23,#N/A,#N/A,SRR8615864
SLR-25,#N/A,SLR 25,#N/A,#N/A,SRR8615866
SLR-26,#N/A,SLR 26,#N/A,#N/A,SRR8615851
SLVL,SLVL,#N/A,EGAN00001266251,EGAF00000880559,#N/A
SN12C,SN12C,#N/A,EGAN00001253233,EGAF00000881540,#N/A
SNB-19,#N/A,#N/A,#N/A,#N/A,#N/A
SNB75,#N/A,SNB75,#N/A,#N/A,SRR8615852
SNG-M,#N/A,SNG-M,#N/A,#N/A,SRR8615574
SNU-1040,#N/A,SNU-1040,#N/A,#N/A,SRR8615576
SNU-1076,#N/A,SNU-1076,#N/A,#N/A,SRR8615525
SNU-1077,#N/A,SNU-1077,#N/A,#N/A,SRR8615572
SNU-1079,#N/A,SNU-1079,#N/A,#N/A,SRR8615571
SNU-1105,#N/A,SNU-1105,#N/A,#N/A,SRR8615566
SNU-119,#N/A,SNU-119,#N/A,#N/A,SRR8615939
SNU-1196,#N/A,SNU-1196,#N/A,#N/A,SRR8615565
SNU-1197,#N/A,SNU-1197,#N/A,#N/A,SRR8615938
SNU-1214,#N/A,SNU-1214,#N/A,#N/A,SRR8615936
SNU-1272,#N/A,SNU-1272,#N/A,#N/A,SRR8615937
SNU-16,#N/A,SNU-16,#N/A,#N/A,SRR8615934
SNU-175,SNU-175,SNU-175,EGAN00001202179,EGAF00000660869,SRR8615935
SNU-182,#N/A,SNU-182,#N/A,#N/A,SRR8615932
SNU-201,#N/A,SNU-201,#N/A,#N/A,SRR8615930
SNU-213,#N/A,SNU-213,#N/A,#N/A,SRR8615931
SNU-216,#N/A,SNU-216,#N/A,#N/A,SRR8615309
SNU-283,SNU-283,SNU-283,EGAN00001202180,EGAF00000660870,SRR8615307
SNU-308,#N/A,SNU-308,#N/A,#N/A,SRR8615306
SNU-324,#N/A,SNU-324,#N/A,#N/A,SRR8615313
SNU-349,#N/A,SNU-349,#N/A,#N/A,SRR8615312
SNU-387,#N/A,SNU-387,#N/A,#N/A,SRR8615311
SNU-398,#N/A,SNU-398,#N/A,#N/A,SRR8615310
SNU-407,SNU-407,SNU-407,EGAN00001202181,EGAF00000660871,SRR8615317
SNU-410,#N/A,SNU-410,#N/A,#N/A,SRR8615316
SNU-423,#N/A,SNU-423,#N/A,#N/A,SRR8615654
SNU-449,#N/A,SNU-449,#N/A,#N/A,SRR8615655
SNU-46,#N/A,SNU-46,#N/A,#N/A,SRR8615657
SNU-466,#N/A,SNU-466,#N/A,#N/A,SRR8615656
SNU-475,#N/A,SNU-475,#N/A,#N/A,SRR8615650
SNU-478,#N/A,SNU-478,#N/A,#N/A,SRR8615651
SNU-484,#N/A,#N/A,#N/A,#N/A,#N/A
SNU-489,#N/A,SNU-489,#N/A,#N/A,SRR8615652
SNU-5,#N/A,SNU-5,#N/A,#N/A,SRR8615659
SNU-503,#N/A,SNU-503,#N/A,#N/A,SRR8615653
SNU-520,#N/A,SNU-520,#N/A,#N/A,SRR8615658
SNU-601,#N/A,SNU-601,#N/A,#N/A,SRR8616025
SNU-61,#N/A,SNU-61,#N/A,#N/A,SRR8616024
SNU-620,#N/A,SNU-620,#N/A,#N/A,SRR8616027
SNU-638,#N/A,#N/A,#N/A,#N/A,#N/A
SNU-668,#N/A,SNU-668,#N/A,#N/A,SRR8616029
SNU-685,#N/A,SNU-685,#N/A,#N/A,SRR8615992
SNU-719,#N/A,SNU-719,#N/A,#N/A,SRR8616031
SNU-738,#N/A,SNU-738,#N/A,#N/A,SRR8616030
SNU-761,#N/A,SNU-761,#N/A,#N/A,SRR8616023
SNU-8,#N/A,SNU-8,#N/A,#N/A,SRR8615478
SNU-81,SNU-81,SNU-81,EGAN00001280541,EGAF00000896442,SRR8616022
SNU-840,#N/A,SNU-840,#N/A,#N/A,SRR8615473
SNU-878,#N/A,SNU-878,#N/A,#N/A,SRR8615471
SNU-886,#N/A,SNU-886,#N/A,#N/A,SRR8615472
SNU-899,#N/A,SNU-899,#N/A,#N/A,SRR8615477
SNU-C1,SNU-C1,SNU-C1,EGAN00001202182,EGAF00000660872,SRR8615475
SNU-C2A,#N/A,SNU-C2A,#N/A,#N/A,SRR8615476
SNU-C2B,SNU-C2B,#N/A,EGAN00001202183,EGAF00000684737,#N/A
SNU-C4,#N/A,SNU-C4,#N/A,#N/A,SRR8615619
SNU-C5,SNU-C5,SNU-C5,EGAN00001280542,EGAF00000896443,SRR8615466
Sq-1,#N/A,Sq-1,#N/A,#N/A,SRR8616184
SR,SR,#N/A,EGAN00001266252,EGAF00001177825,#N/A
SR-786,#N/A,SR-786,#N/A,#N/A,SRR8615372
ST486,ST486,ST486,EGAN00001280543,EGAF00000896444,SRR8615373
STS-0421,STS-0421,#N/A,EGAN00001266253,EGAF00001177826,#N/A
SU-DHL-1,#N/A,SU-DHL-1,#N/A,#N/A,SRR8615448
SU-DHL-10,SU-DHL-10,SU-DHL-10,EGAN00001280544,EGAF00000902440,SRR8615376
SU-DHL-16,SU-DHL-16,#N/A,EGAN00001266254,EGAF00001177827,#N/A
SU-DHL-4,#N/A,SU-DHL-4,#N/A,#N/A,SRR8615378
SU-DHL-5,SU-DHL-5,SU-DHL-5,EGAN00001280545,EGAF00000902441,SRR8615368
SU-DHL-6,SU-DHL-6,SU-DHL-6,EGAN00001280546,EGAF00000901998,SRR8615369
SU-DHL-8,#N/A,SU-DHL-8,#N/A,#N/A,SRR8615947
SU.86.86,#N/A,SU.86.86,#N/A,#N/A,SRR8615375
SUIT-2,SUIT-2,SUIT-2,EGAN00001280547,EGAF00000901999,SRR8616011
SUM-1315M02,#N/A,#N/A,#N/A,#N/A,#N/A
SUM-149PT,#N/A,#N/A,#N/A,#N/A,#N/A
SUM-159PT,#N/A,#N/A,#N/A,#N/A,#N/A
SUM-229PE,#N/A,#N/A,#N/A,#N/A,#N/A
SUM-52PE,#N/A,#N/A,#N/A,#N/A,#N/A
SUP-B15,#N/A,SUP-B15,#N/A,#N/A,SRR8615929
SUP-B8,SUP-B8,#N/A,EGAN00001266255,EGAF00001177634,#N/A
SUP-HD1,SUP-HD1,#N/A,EGAN00001266256,EGAF00000881543,#N/A
SUP-M2,#N/A,SUP-M2,#N/A,#N/A,SRR8615928
SUP-T1,#N/A,SUP-T1,#N/A,#N/A,SRR8615926
SUP-T11,#N/A,SUP-T11,#N/A,#N/A,SRR8615927
SW-1088,SW1088,SW 1088,EGAN00001280548,EGAF00000902442,SRR8615925
SW-1271,#N/A,SW 1271,#N/A,#N/A,SRR8615245
SW-1353,#N/A,SW 1353,#N/A,#N/A,SRR8615763
SW-1573,SW1573,SW 1573,EGAN00001280551,EGAF00000902445,SRR8615561
SW-1783,#N/A,SW 1783,#N/A,#N/A,SRR8615567
SW-1990,#N/A,SW 1990,#N/A,#N/A,SRR8615568
SW-780,SW780,SW 780,EGAN00001280555,EGAF00000904222,SRR8615671
SW-900,#N/A,SW 900,#N/A,#N/A,SRR8615853
SW-982,SW982,#N/A,EGAN00001266263,EGAF00001177832,#N/A
SW-1710,SW1710,SW-1710,EGAN00001280552,EGAF00000904219,SRR8615562
SW1116,SW1116,SW1116,EGAN00001280549,EGAF00000902443,SRR8615924
SW13,SW13,#N/A,EGAN00001253234,EGAF00000826240,#N/A
SW1417,#N/A,SW1417,#N/A,#N/A,SRR8615563
SW1463,SW1463,SW1463,EGAN00001280550,EGAF00000902444,SRR8615564
SW403,SW403,SW403,EGAN00001280553,EGAF00000904220,SRR8616058
SW48,SW48,SW48,EGAN00001202184,EGAF00000684738,SRR8615504
SW480,#N/A,SW480,#N/A,#N/A,SRR8616059
SW527,#N/A,#N/A,#N/A,#N/A,#N/A
SW579,#N/A,SW579,#N/A,#N/A,SRR8615892
SW620,SW620,SW620,EGAN00001202185,EGAF00000684739,SRR8615459
SW626,SW626,#N/A,EGAN00001280554,EGAF00000904221,#N/A
SW684,SW684,#N/A,EGAN00001266258,EGAF00001177828,#N/A
SW756,SW756,#N/A,EGAN00001266259,EGAF00001177829,#N/A
SW837,SW837,SW837,EGAN00001280556,EGAF00000904223,SRR8615854
SW872,SW872,#N/A,EGAN00001266260,EGAF00001177636,#N/A
SW948,SW948,SW948,EGAN00001202186,EGAF00000684740,SRR8615856
SW954,SW954,#N/A,EGAN00001266261,EGAF00001177830,#N/A
SW962,SW962,#N/A,EGAN00001266262,EGAF00001177831,#N/A
T-24,#N/A,T24,#N/A,#N/A,SRR8615858
T-47D,#N/A,T-47D,#N/A,#N/A,SRR8615812
T-T,#N/A,#N/A,#N/A,#N/A,#N/A
T3M-4,#N/A,T3M-4,#N/A,#N/A,SRR8616010
T84,#N/A,T84,#N/A,#N/A,SRR8615829
T98G,#N/A,T98G,#N/A,#N/A,SRR8615830
TALL-1,#N/A,TALL-1,#N/A,#N/A,SRR8615831
TASK1,TASK1,#N/A,EGAN00001266286,EGAF00000867569,#N/A
TC-32,#N/A,#N/A,#N/A,#N/A,#N/A
TC-71,#N/A,TC-71,#N/A,#N/A,SRR8615832
TC-YIK,TC-YIK,#N/A,EGAN00001266264,EGAF00001177637,#N/A
TCC-PAN2,#N/A,TCC-PAN2,#N/A,#N/A,SRR8615825
TCCSUP,#N/A,TCCSUP,#N/A,#N/A,SRR8615826
TE-125.T,#N/A,TE 125.T,#N/A,#N/A,SRR8615833
TE-159.T,#N/A,TE 159.T,#N/A,#N/A,SRR8615620
TE-441.T,TE-441-T,TE 441.T,EGAN00001280559,EGAF00000904226,SRR8615463
TE-1,#N/A,TE-1,#N/A,#N/A,SRR8615464
TE-10,TE-10,TE-10,EGAN00001280557,EGAF00000904224,SRR8615827
TE-11,#N/A,TE-11,#N/A,#N/A,SRR8615828
TE-12,TE-12,#N/A,EGAN00001266265,EGAF00001177638,#N/A
TE-14,#N/A,TE-14,#N/A,#N/A,SRR8615834
TE-15,#N/A,TE-15,#N/A,#N/A,SRR8615222
TE-4,TE-4,TE-4,EGAN00001280558,EGAF00000904225,SRR8615470
TE-5,#N/A,TE-5,#N/A,#N/A,SRR8615469
TE-6,TE-6,TE-6,EGAN00001280560,EGAF00000904211,SRR8615467
TE-8,TE-8,TE-8,EGAN00001280561,EGAF00000904212,SRR8615390
TE-9,#N/A,TE-9,#N/A,#N/A,SRR8616128
TEN,#N/A,TEN,#N/A,#N/A,SRR8616092
TGBC11TKB,TGBC11TKB,TGBC11TKB,EGAN00001280562,EGAF00000904213,SRR8615672
TGBC1TKB,TGBC1TKB,#N/A,EGAN00001266266,EGAF00001177639,#N/A
TGBC24TKB,TGBC24TKB,#N/A,EGAN00001266267,EGAF00001177640,#N/A
TGW,TGW,#N/A,EGAN00001266268,EGAF00001177641,#N/A
THP-1,#N/A,THP-1,#N/A,#N/A,SRR8616091
TIG-3-TD,#N/A,TIG-3 TD,#N/A,#N/A,SRR8616088
TK,TK,#N/A,EGAN00001266269,EGAF00001177833,#N/A
TK-10,TK10,#N/A,EGAN00001253235,EGAF00000826241,#N/A
TM-31,#N/A,TM-31,#N/A,#N/A,SRR8616089
TMD-8,#N/A,#N/A,#N/A,#N/A,#N/A
TMK-1,TMK-1,#N/A,EGAN00001266270,EGAF00001177642,#N/A
TO-175.T,#N/A,TO 175.T,#N/A,#N/A,SRR8616087
Toledo,#N/A,Toledo,#N/A,#N/A,SRR8616084
TOV-112D,#N/A,TOV-112D,#N/A,#N/A,SRR8616085
TOV-21G,#N/A,TOV-21G,#N/A,#N/A,SRR8615729
TT,#N/A,TT,#N/A,#N/A,SRR8615726
TT2609-C02,TT2609-C02,TT2609-C02,EGAN00001280563,EGAF00000904214,SRR8615728
TUHR10TKB,#N/A,TUHR10TKB,#N/A,#N/A,SRR8615721
TUHR14TKB,#N/A,TUHR14TKB,#N/A,#N/A,SRR8615720
TUHR4TKB,#N/A,TUHR4TKB,#N/A,#N/A,SRR8615894
TUR,TUR,#N/A,EGAN00001266271,EGAF00001177643,#N/A
TYK-nu,#N/A,TYK-nu,#N/A,#N/A,SRR8615895
TYK-nu.CP-r,#N/A,#N/A,#N/A,#N/A,#N/A
U-118-MG,#N/A,U-118 MG,#N/A,#N/A,SRR8615688
U-138-MG,#N/A,#N/A,#N/A,#N/A,#N/A
U-178,#N/A,U-178,#N/A,#N/A,SRR8615689
U-2-OS,#N/A,U-2 OS,#N/A,#N/A,SRR8615692
U-251-MG,#N/A,U-251 MG,#N/A,#N/A,SRR8615690
U-266,U-266,#N/A,EGAN00001280564,EGAF00000904215,#N/A
U-698-M,U-698-M,#N/A,EGAN00001266273,EGAF00001177644,#N/A
U-87-MG,#N/A,U-87 MG,#N/A,#N/A,SRR8615723
U-937,#N/A,U-937,#N/A,#N/A,SRR8615754
U-CH2,U-CH2,#N/A,EGAN00001253237,EGAF00000826243,#N/A
U031,U031,#N/A,EGAN00001253236,EGAF00000826242,#N/A
U251,U251,#N/A,EGAN00001266272,EGAF00001177834,#N/A
U266B1,#N/A,U266B1,#N/A,#N/A,SRR8615896
U2932,#N/A,#N/A,#N/A,#N/A,#N/A
UAC257,#N/A,#N/A,#N/A,#N/A,#N/A
UACC-257,#N/A,UACC-257,#N/A,#N/A,SRR8615340
UACC-62,#N/A,UACC-62,#N/A,#N/A,SRR8615339
UACC-812,UACC-812,UACC-812,EGAN00001280565,EGAF00000904216,SRR8615338
UACC-893,#N/A,UACC-893,#N/A,#N/A,SRR8615337
UCSD-242l,#N/A,#N/A,#N/A,#N/A,#N/A
UDSCC2,UDSCC2,#N/A,EGAN00001266274,EGAF00001177835,#N/A
UKE-1,#N/A,#N/A,#N/A,#N/A,#N/A
UM-UC-1,#N/A,UM-UC-1,#N/A,#N/A,SRR8615335
UM-UC-3,#N/A,UM-UC-3,#N/A,#N/A,SRR8615334
UMC-11,UMC-11,#N/A,EGAN00001253238,EGAF00000826244,#N/A
UMRC2,#N/A,#N/A,#N/A,#N/A,#N/A
UMRC6,#N/A,#N/A,#N/A,#N/A,#N/A
UT-7,#N/A,#N/A,#N/A,#N/A,#N/A
UWB1.289,UWB1-289,#N/A,EGAN00001266275,EGAF00001177645,#N/A
VA-ES-BJ,VA-ES-BJ,#N/A,EGAN00001266276,EGAF00001177775,#N/A
VAL,VAL,#N/A,EGAN00001266277,EGAF00001177776,#N/A
VCaP,#N/A,VCaP,#N/A,#N/A,SRR8618305
VM-CUB-1,VM-CUB-1,VM-CUB1,EGAN00001280566,EGAF00000904217,SRR8618300
VMRC-LCD,VMRC-LCD,#N/A,EGAN00001253239,EGAF00000826245,#N/A
VMRC-LCP,#N/A,#N/A,#N/A,#N/A,#N/A
VMRC-MELG,VMRC-MELG,#N/A,EGAN00001266278,EGAF00001177836,#N/A
VMRC-RCW,#N/A,VMRC-RCW,#N/A,#N/A,SRR8618317
VMRC-RCZ,VMRC-RCZ,VMRC-RCZ,EGAN00001280567,EGAF00000904218,SRR8618315
WiDr,#N/A,#N/A,#N/A,#N/A,#N/A
WIL2-NS,WIL2-NS,#N/A,EGAN00001266279,EGAF00000867562,#N/A
WM-115,#N/A,WM-115,#N/A,#N/A,SRR8618318
WM-266-4,#N/A,WM-266-4,#N/A,#N/A,SRR8618314
WM-793,#N/A,WM-793,#N/A,#N/A,SRR8618319
WM-88,#N/A,WM-88,#N/A,#N/A,SRR8618303
WM-983B,#N/A,WM-983B,#N/A,#N/A,SRR8618302
WM1552C,WM1552C,#N/A,EGAN00001253240,EGAF00000826246,#N/A
WM1799,#N/A,WM1799,#N/A,#N/A,SRR8618316
WM278,WM278,#N/A,EGAN00001253241,EGAF00000826247,#N/A
WM35,WM35,#N/A,EGAN00001253242,EGAF00000881541,#N/A
WM793B,WM793B,#N/A,EGAN00001253243,EGAF00000826248,#N/A
WSU-DLCL2,WSU-DLCL2,WSU-DLCL2,EGAN00001280568,EGAF00000896439,SRR8618307
WSU-FSCCL,#N/A,#N/A,#N/A,#N/A,#N/A
WSU-NHL,WSU-NHL,#N/A,EGAN00001266280,EGAF00000867563,#N/A
YAPC,YAPC,YAPC,EGAN00001280569,EGAF00000896440,SRR8618306
YD-10B,#N/A,YD-10B,#N/A,#N/A,SRR8618309
YD-15,#N/A,YD-15,#N/A,#N/A,SRR8618308
YD-38,#N/A,YD-38,#N/A,#N/A,SRR8618311
YH-13,YH-13,YH-13,EGAN00001280570,EGAF00000896441,SRR8618313
YKG-1,#N/A,YKG1,#N/A,#N/A,SRR8618312
YMB-1,#N/A,#N/A,#N/A,#N/A,#N/A
YMB-1-E,#N/A,#N/A,#N/A,#N/A,#N/A
YT,YT,#N/A,EGAN00001266281,EGAF00000867564,#N/A
ZR-75-1,#N/A,ZR-75-1,#N/A,#N/A,SRR8618301
ZR-75-30,ZR-75-30,ZR-75-30,EGAN00001209143,EGAF00000661928,SRR8618304